窗口,控制,被解释变量,kline,_b_kline,_se_kline,_n_kline,tick,_b_tick,_se_tick,_n_tick,差（tick−kline）,Δt 弹性 kline,Δt 弹性 tick,_preslope_kline,_preslope_se_kline,_preslope_tick,_preslope_se_tick
±30 d,σ,log 越界幅度（严格）,-0.198*** (0.026),-0.1984777657038043,0.026261956173324857,4304,-0.090*** (0.027),-0.09044449044719437,0.027212646505566682,4310,+0.108,0.39,0.18,,,,
±30 d,σ,log 越界幅度（全部）,-0.116*** (0.031),-0.11604038124492734,0.031012071148262186,4309,-0.058** (0.028),-0.057791762837222246,0.028092573868568307,4314,+0.058,0.23,0.11,,,,
±30 d,σ,log 套利者利润,-0.673*** (0.097),-0.6730137594176079,0.09673020502187071,4107,-0.434*** (0.079),-0.4340766435776872,0.07917588102910647,4270,+0.239,1.32,0.85,,,,
±30 d,σ,log 单笔 LP 损失,-0.458*** (0.056),-0.45762584094363135,0.05580408448384063,4309,-0.418*** (0.055),-0.41767785565890275,0.055121467863304366,4314,+0.040,,,,,,
±30 d,σ,log LP 损失（总）,-0.350*** (0.074),-0.34954228697540507,0.07412750314135223,4318,-0.298*** (0.070),-0.29840351678709526,0.06968189931599288,4318,+0.051,,,,,,
±30 d,σ,log 套利笔数,-0.066** (0.027),-0.06589809064548856,0.027093912967030436,4309,+0.056** (0.025),0.05599450331380289,0.02495047579154544,4314,+0.122,,,,,,
±30 d,σ+L+vol,log 越界幅度（严格）,-0.268*** (0.023),-0.26818454541878806,0.023060258425574805,4304,-0.162*** (0.022),-0.16249691315125592,0.022014359928705606,4310,+0.106,0.53,0.32,,,,
±30 d,σ+L+vol,log 越界幅度（全部）,-0.170*** (0.028),-0.16970944140909727,0.027938244620924795,4309,-0.103*** (0.026),-0.10260294819578131,0.025636279108738395,4314,+0.067,0.33,0.20,,,,
±30 d,σ+L+vol,log 套利者利润,-0.462*** (0.067),-0.4615263191568077,0.06655673837741803,4107,-0.176*** (0.041),-0.1755540789434343,0.04137454594541082,4270,+0.286,0.90,0.34,,,,
±30 d,σ+L+vol,log 单笔 LP 损失,-0.258*** (0.029),-0.25842301487882136,0.029284328436082863,4309,-0.209*** (0.030),-0.20901781073381445,0.029558978370878126,4314,+0.049,,,,,,
±30 d,σ+L+vol,log LP 损失（总）,-0.048*** (0.013),-0.04769060330636956,0.012859760417282063,4318,-0.004 (0.011),-0.0037913739473105583,0.010828965158794763,4318,+0.044,,,,,,
±30 d,σ+L+vol,log 套利笔数,-0.032 (0.025),-0.03203653167083279,0.024876487818387378,4309,+0.100*** (0.023),0.10015797128631405,0.02341841916135318,4314,+0.132,,,,,,
±30 d,σ+L+vol+趋势,log 越界幅度（严格）,-0.195*** (0.041),-0.1945275728600859,0.0412806797743007,4304,-0.112*** (0.039),-0.1119334643970204,0.03881195857641669,4310,+0.083,0.38,0.22,,,,
±30 d,σ+L+vol+趋势,log 越界幅度（全部）,-0.140*** (0.041),-0.1396690231862407,0.04115477360027593,4309,-0.061 (0.039),-0.06071141626831479,0.03934160783402511,4314,+0.079,0.27,0.12,,,,
±30 d,σ+L+vol+趋势,log 套利者利润,-0.475*** (0.114),-0.4751201228458321,0.11411507412754089,4107,-0.133** (0.067),-0.13347739824155974,0.06735198531696063,4270,+0.342,0.93,0.26,,,,
±30 d,σ+L+vol+趋势,log 单笔 LP 损失,-0.112** (0.044),-0.11227927359849371,0.04444407193023657,4309,-0.063 (0.044),-0.06347000164165867,0.04421314168424044,4314,+0.049,,,,,,
±30 d,σ+L+vol+趋势,log LP 损失（总）,+0.009 (0.024),0.008791323237930193,0.024452345615141317,4318,+0.028 (0.020),0.02803781262477335,0.02032121066205831,4318,+0.019,,,,,,
±30 d,σ+L+vol+趋势,log 套利笔数,-0.133*** (0.040),-0.13288836029847767,0.040323140687679636,4309,-0.017 (0.038),-0.017307856485863804,0.037796031908358126,4314,+0.116,,,,,,
±30 d,RD,log 越界幅度（严格）,-0.196*** (0.039),-0.1964065123096144,0.03904144758496494,4304,-0.114*** (0.037),-0.11438597564486373,0.03705565047639398,4310,+0.082,0.38,0.22,-0.004227634728442549,0.0019617539442774836,-0.0038904291807769858,0.0016797184634820266
±30 d,RD,log 越界幅度（全部）,-0.142*** (0.039),-0.1416313214893766,0.039186111968960116,4309,-0.062 (0.038),-0.06227772658525817,0.03833576701550667,4314,+0.079,0.28,0.12,-0.0027444505549845746,0.002405973467219459,-0.0028973256983157517,0.002215337006467375
±30 d,RD,log 套利者利润,-0.476*** (0.114),-0.47599720190261297,0.11420495916204755,4107,-0.137** (0.065),-0.13730323141885098,0.06543204403568297,4270,+0.339,0.93,0.27,1.690572567949083e-05,0.004439183693236016,-0.0047759439698496125,0.003284225290419331
±30 d,RD,log 单笔 LP 损失,-0.113** (0.044),-0.11281373433188192,0.044019430359196386,4309,-0.064 (0.044),-0.06356812516052271,0.04416986837922935,4314,+0.049,,,-0.005822335971581434,0.002321684589509868,-0.005445333604925589,0.0023026969231422505
±30 d,RD,log LP 损失（总）,+0.011 (0.020),0.011468315514709816,0.020461587316056254,4318,+0.030* (0.018),0.029892206878029706,0.01794481125216314,4318,+0.018,,,0.00018820488809300932,0.0008372481780450266,0.0004523260230579425,0.0006088911830463672
±30 d,RD,log 套利笔数,-0.134*** (0.041),-0.13369005490000288,0.041184053397852236,4309,-0.020 (0.039),-0.019867879224729153,0.03871281521166506,4314,+0.114,,,0.0030399884475629294,0.00161723150415359,0.0021124396171296168,0.0015071106056781258
±14 d,σ,log 越界幅度（严格）,-0.180*** (0.034),-0.18006010384982754,0.034344664421301095,2002,-0.093*** (0.034),-0.09348871342301311,0.03438058476335562,2006,+0.087,0.35,0.18,,,,
±14 d,σ,log 越界幅度（全部）,-0.078** (0.031),-0.0779715501608378,0.03136771424555805,2005,-0.021 (0.029),-0.02075173551046161,0.02870876041732897,2009,+0.057,0.15,0.04,,,,
±14 d,σ,log 套利者利润,-0.432*** (0.115),-0.43216128409225546,0.11538028847116387,1874,-0.152 (0.095),-0.15224018116469612,0.0947551907313688,1983,+0.280,0.85,0.30,,,,
±14 d,σ,log 单笔 LP 损失,-0.210*** (0.051),-0.2104878842730274,0.05085079302943596,2005,-0.177*** (0.051),-0.17677235857846682,0.0508590075105981,2009,+0.034,,,,,,
±14 d,σ,log LP 损失（总）,-0.128** (0.060),-0.127840211753144,0.060204487903819284,2014,-0.093 (0.059),-0.093184167099429,0.05902855563900394,2014,+0.035,,,,,,
±14 d,σ,log 套利笔数,-0.080** (0.036),-0.07976591247618574,0.03644011404905899,2005,+0.039 (0.033),0.03900442582463733,0.032941612673349704,2009,+0.119,,,,,,
±14 d,σ+L+vol,log 越界幅度（严格）,-0.223*** (0.030),-0.22340377215105747,0.030386974149032835,2002,-0.131*** (0.028),-0.13146689841015533,0.028111883232263487,2006,+0.092,0.44,0.26,,,,
±14 d,σ+L+vol,log 越界幅度（全部）,-0.110*** (0.030),-0.1100625051828519,0.02988188038347054,2005,-0.045 (0.027),-0.044987385378274965,0.02745296038862094,2009,+0.065,0.22,0.09,,,,
±14 d,σ+L+vol,log 套利者利润,-0.401*** (0.081),-0.4006705622687195,0.08128475590130632,1874,-0.088* (0.048),-0.08811425475848988,0.04784162889360274,1983,+0.313,0.78,0.17,,,,
±14 d,σ+L+vol,log 单笔 LP 损失,-0.143*** (0.031),-0.14335598753997073,0.03130560025799027,2005,-0.102*** (0.031),-0.10199279907450116,0.03133387365765956,2009,+0.041,,,,,,
±14 d,σ+L+vol,log LP 损失（总）,-0.043*** (0.014),-0.043130271059877934,0.014233524295230893,2014,-0.004 (0.013),-0.0042417767270857675,0.012531079367395063,2014,+0.039,,,,,,
±14 d,σ+L+vol,log 套利笔数,-0.099*** (0.030),-0.09883325644607428,0.030145405308579204,2005,+0.028 (0.026),0.02794907695923581,0.026235034148568825,2009,+0.127,,,,,,
±14 d,σ+L+vol+趋势,log 越界幅度（严格）,-0.149*** (0.046),-0.14891568421263374,0.04644912436562756,2002,-0.017 (0.047),-0.016646668588365294,0.04665123664322348,2006,+0.132,0.29,0.03,,,,
±14 d,σ+L+vol+趋势,log 越界幅度（全部）,-0.069 (0.043),-0.06942128931173404,0.04349851198081118,2005,+0.010 (0.043),0.009732904357871441,0.04276594478431902,2009,+0.079,0.14,-0.02,,,,
±14 d,σ+L+vol+趋势,log 套利者利润,-0.317** (0.138),-0.3166330493973361,0.13754048659789242,1874,-0.071 (0.069),-0.07104811531156273,0.06876234381524281,1983,+0.246,0.62,0.14,,,,
±14 d,σ+L+vol+趋势,log 单笔 LP 损失,-0.067 (0.059),-0.06680306733877187,0.05917476547274955,2005,-0.002 (0.058),-0.002075476940712082,0.05815989740158806,2009,+0.065,,,,,,
±14 d,σ+L+vol+趋势,log LP 损失（总）,-0.026 (0.031),-0.026318757494793545,0.030919396813541083,2014,+0.017 (0.027),0.016536753954428038,0.026595711111785162,2014,+0.043,,,,,,
±14 d,σ+L+vol+趋势,log 套利笔数,-0.138** (0.065),-0.1379703520162167,0.06533524003006973,2005,-0.035 (0.058),-0.03533709227456829,0.057903187250300865,2009,+0.103,,,,,,
±14 d,RD,log 越界幅度（严格）,-0.141*** (0.040),-0.140600864832579,0.03966657643384317,2002,-0.013 (0.045),-0.013063948130550639,0.044854316619467746,2006,+0.128,0.28,0.03,-0.014506260855876946,0.004353417383725639,-0.011947997006764088,0.004249114849068094
±14 d,RD,log 越界幅度（全部）,-0.068 (0.043),-0.06750724387371611,0.043386670923478976,2005,+0.009 (0.042),0.008863854425483401,0.04198399981750899,2009,+0.076,0.13,-0.02,-0.004919944511919424,0.004940482612850526,-0.002888027496083434,0.003743456584410532
±14 d,RD,log 套利者利润,-0.319** (0.135),-0.31903702309155935,0.13508560213050771,1874,-0.073 (0.068),-0.07335791193059216,0.06841676187216046,1983,+0.246,0.62,0.14,-0.0020852179671829053,0.011956379491895519,0.0012459657292282745,0.007268707712812438
±14 d,RD,log 单笔 LP 损失,-0.067 (0.058),-0.06709174963860863,0.05832425785499413,2005,-0.004 (0.057),-0.004469200261886883,0.057174657173843624,2009,+0.063,,,-0.005023425421315572,0.0035200551464678233,-0.004412758375515062,0.003138475064331937
±14 d,RD,log LP 损失（总）,-0.026 (0.032),-0.025932818510309152,0.03184155713475351,2014,+0.017 (0.028),0.017259435172315256,0.027794869892574826,2014,+0.043,,,-0.0016148729994118242,0.002858278383165519,-0.0022720570305690547,0.0023156969820026276
±14 d,RD,log 套利笔数,-0.137** (0.065),-0.13712733600248161,0.06457078051193355,2005,-0.031 (0.058),-0.03144863797088795,0.05793399563179093,2009,+0.106,,,0.0018102726523632538,0.004437565161846418,0.0002644645805967146,0.003425337364316332
±7 d,σ,log 越界幅度（严格）,-0.109*** (0.034),-0.10869185264048993,0.03353581247905645,998,+0.002 (0.045),0.001546683911255136,0.045211018213334814,998,+0.110,0.21,-0.00,,,,
±7 d,σ,log 越界幅度（全部）,-0.056 (0.037),-0.05628931651048816,0.037077197753431726,1000,+0.009 (0.034),0.00941529161248262,0.03408179461005236,1001,+0.066,0.11,-0.02,,,,
±7 d,σ,log 套利者利润,-0.641*** (0.168),-0.6412637240892678,0.16759085758042916,926,-0.351*** (0.134),-0.3509032230652777,0.13391235827540196,987,+0.290,1.26,0.69,,,,
±7 d,σ,log 单笔 LP 损失,-0.286*** (0.071),-0.28607598374302806,0.07146220186625894,1000,-0.247*** (0.071),-0.24743772396853803,0.07073275349779873,1001,+0.039,,,,,,
±7 d,σ,log LP 损失（总）,-0.285*** (0.086),-0.2846962204302643,0.08553295656683445,1006,-0.248*** (0.086),-0.24763299828328408,0.08633145710393578,1006,+0.037,,,,,,
±7 d,σ,log 套利笔数,-0.157*** (0.050),-0.15705151118097,0.05024611717737231,1000,-0.043 (0.047),-0.04347894660729464,0.04709435216253226,1001,+0.114,,,,,,
±7 d,σ+L+vol,log 越界幅度（严格）,-0.177*** (0.036),-0.17730422860189257,0.035761087379481964,998,-0.057 (0.035),-0.057241672537375984,0.03536440195695032,998,+0.120,0.35,0.11,,,,
±7 d,σ+L+vol,log 越界幅度（全部）,-0.074** (0.036),-0.07425396619280915,0.036054205407906804,1000,-0.006 (0.031),-0.0060116423625239225,0.031144065956277032,1001,+0.068,0.15,0.01,,,,
±7 d,σ+L+vol,log 套利者利润,-0.414*** (0.123),-0.41425015884308614,0.12348429239853123,926,-0.091* (0.055),-0.09148835939200331,0.054858671429848974,987,+0.323,0.81,0.18,,,,
±7 d,σ+L+vol,log 单笔 LP 损失,-0.072* (0.042),-0.07204452973237264,0.041911412645297796,1000,-0.022 (0.039),-0.02184541315314799,0.039339784887622915,1001,+0.050,,,,,,
±7 d,σ+L+vol,log LP 损失（总）,-0.053** (0.025),-0.05275801656079904,0.02480863494715073,1006,-0.004 (0.022),-0.004155188881538267,0.02208051942820934,1006,+0.049,,,,,,
±7 d,σ+L+vol,log 套利笔数,-0.179*** (0.044),-0.1793730788557426,0.04397800595455936,1000,-0.047 (0.039),-0.047390515075811906,0.039095876627117276,1001,+0.132,,,,,,
±7 d,σ+L+vol+趋势,log 越界幅度（严格）,-0.147** (0.067),-0.146704016712855,0.0665055113826366,998,-0.043 (0.067),-0.042786043709107956,0.06655664309256369,998,+0.104,0.29,0.08,,,,
±7 d,σ+L+vol+趋势,log 越界幅度（全部）,-0.088 (0.056),-0.0880673190137448,0.05572351316711157,1000,-0.022 (0.053),-0.021941502130117488,0.05340478407211463,1001,+0.066,0.17,0.04,,,,
±7 d,σ+L+vol+趋势,log 套利者利润,-0.175 (0.137),-0.17489917682652523,0.13728447734818158,926,+0.009 (0.081),0.008555548755275463,0.08148667457701701,987,+0.183,0.34,-0.02,,,,
±7 d,σ+L+vol+趋势,log 单笔 LP 损失,-0.124 (0.090),-0.12423136861295987,0.09009068903657658,1000,-0.050 (0.086),-0.04986240693842902,0.08617540756927927,1001,+0.074,,,,,,
±7 d,σ+L+vol+趋势,log LP 损失（总）,+0.026 (0.041),0.02641084395823446,0.041127605937530495,1006,+0.066* (0.036),0.0661521925413177,0.03648213714172252,1006,+0.040,,,,,,
±7 d,σ+L+vol+趋势,log 套利笔数,-0.040 (0.075),-0.04001030802257876,0.07514249420620189,1000,+0.057 (0.069),0.057272933613888896,0.06923626828188076,1001,+0.097,,,,,,
