grid_ms,mass_pre,mass_post
0.0,0.0,0.0
10.0,0.33315645242446207,0.5995886126341607
20.0,0.09297207307899565,0.07328876379738458
30.0,0.03997642844129519,0.026857194942024855
40.0,0.019660718802043602,0.014054617722962966
50.0,0.0143162301900936,0.009747575959173664
60.0,0.011497251690310548,0.006194432006423946
70.0,0.008754252516441713,0.003941910890247355
80.0,0.006538561310778446,0.0015465330598854062
90.0,0.006536096670181261,0.0014484023755404055
100.0,0.005328240807371141,0.002261051865992643
110.0,0.005155401554888859,0.0020462889532197725
120.0,0.004879380005179115,0.0015882684207760092
130.0,0.004035183130490288,0.0013172600566492148
140.0,0.004081173354412694,0.001173305484702784
150.0,0.00390922283554599,0.001038784491425723
160.0,0.0029634737401690965,0.0008869861901306384
170.0,0.002778666113846639,0.0009680568199143057
180.0,0.0032609900500051208,0.0013154732451006958
190.0,0.003982133506993677,0.0014302260066374724
200.0,0.004985245279491458,0.0016871125150971782
210.0,0.005127398151420154,0.0015484958796789798
220.0,0.004826400137160446,0.0018869188015129487
230.0,0.004820637520613112,0.0019109564935564816
240.0,0.00511412984637856,0.0018050332561258039
250.0,0.004979001301222812,0.0017005167142289637
260.0,0.004494004083145065,0.0023129707089949514
270.0,0.0052275360519206575,0.0022942862489567137
280.0,0.005377370848240282,0.002351003552471977
290.0,0.005678152517354021,0.002496791779596007
300.0,0.006809188434795126,0.004289512593676882
310.0,0.006962422815890872,0.004356804965361723
320.0,0.006326648793810976,0.00431964887433976
330.0,0.005982346117275688,0.005063244628433819
340.0,0.0065398525717988935,0.005102653113019712
350.0,0.0067866601865380315,0.004274949137450419
360.0,0.007682895233986524,0.00505594146645956
370.0,0.007214123328489757,0.003546242161349792
380.0,0.007172359435229074,0.00374503198553863
390.0,0.006599862306442602,0.003767375654477156
400.0,0.008445616151186303,0.005441033547504114
410.0,0.008367168251213598,0.005909641860605656
420.0,0.007893186040417903,0.0057494785306734944
430.0,0.005647186153793971,0.005621638305863728
440.0,0.0051909301617397,0.003285278169710037
450.0,0.004856361946477245,0.0032376905604181603
460.0,0.004854408761424987,0.004115702735831555
470.0,0.00556972368598006,0.0038331163495804814
480.0,0.005118228666610514,0.003204292205648551
490.0,0.005381084740813693,0.0024771962212453555
500.0,0.007080544271830804,0.0020474581838382144
510.0,0.005073116320991471,0.0028198445543552064
520.0,0.003916187727383402,0.008652378182844278
530.0,0.0038147436629322063,0.006548853207613924
540.0,0.0034111702656484154,0.004245166644175306
550.0,0.0028001977021240875,0.0036512914622134694
560.0,0.0022884712051671656,0.002846414754344106
570.0,0.0017134109851241154,0.0025174177654348298
580.0,0.002116862299646932,0.001049725977933954
590.0,0.002129964537893774,0.0011920075300358862
600.0,0.003094463851383368,0.0018329256705351062
610.0,0.0031813714569024405,0.0021497885937019857
620.0,0.0023192965048511116,0.002055972287653429
630.0,0.0022013810519697216,0.0017381737824563766
640.0,0.0022371459541694035,0.001470091005525167
650.0,0.002003722162165802,0.0013131392284384587
660.0,0.0023480473171535567,0.001347431239578006
670.0,0.0025567144480040343,0.0011770032089363344
680.0,0.0027534941722329675,0.001330082849176525
690.0,0.002565214102904102,0.0008979680574270209
700.0,0.0059719445707013576,0.0015023702631315943
710.0,0.004637627734997144,0.0012842364953725154
720.0,0.0037552115526065274,0.0012330759024218665
730.0,0.0029213727113819336,0.0007036183266795556
740.0,0.002139657242350224,0.0004775925707183803
750.0,0.0015000159062690736,0.0004369834524708018
760.0,0.0011374614759635051,0.0005324657701399876
770.0,0.0009139701110052964,0.0006871443101188692
780.0,0.0007158970299996985,0.0005428552183205002
790.0,0.0007638600258890297,0.0009595062615714167
800.0,0.0013426746247522422,0.0018936114742680772
810.0,0.0012161501268778184,0.001751871569131962
820.0,0.001302365803982689,0.0011651154642224634
830.0,0.0009689481974174222,0.000981964584211655
840.0,0.0013739758615156643,0.0010935032838537942
850.0,0.0011331670835002278,0.0006687815174257991
860.0,0.0012170845949926081,0.0006613410179708415
870.0,0.001173509514062128,0.0004208273291787285
880.0,0.0009744927966630238,0.0003226101986021055
890.0,0.0006782066952582971,0.00034862895354865277
900.0,0.0017611379812215455,0.0005878464221605279
910.0,0.0017085297866004808,0.0005744008396091991
920.0,0.0015406795744546207,0.000335237077230563
930.0,0.0013743051349540752,0.0002785778433845992
940.0,0.0011615563644161958,0.00021951803983791886
950.0,0.0009419717635849653,0.00015466858134898762
960.0,0.0009008092842404089,0.0001290023707691766
970.0,0.0007523482536733236,9.266111278346922e-05
980.0,0.0006307928363397248,4.653915836030819e-05
990.0,0.0006553193977785571,6.147548863884677e-05
1000.0,0.002150933126575193,0.00024111418185837865
1010.0,0.001625893621798841,0.00044631555083845544
1020.0,0.0014728373079006389,0.00045478757355272203
1030.0,0.001281267061583352,0.0003862443817101128
1040.0,0.0010707602458902557,0.00027350757592710997
1050.0,0.0010009588078110112,0.00017646697667727612
1060.0,0.0012794305262023918,9.021859327491655e-05
1070.0,0.0011108804737962764,7.789973304121016e-05
1080.0,0.000783080738408108,7.772779708859799e-05
1090.0,0.0007591657525646042,8.864243046116801e-05
1100.0,0.0015714422245922928,0.00015888267808877705
1110.0,0.0012983198223342563,0.00019087016509246216
1120.0,0.0012595943674871789,0.0001591418372473538
1130.0,0.0009735094442462958,7.032742881601694e-05
1140.0,0.0009355732285995972,4.5383847966892344e-05
1150.0,0.0006235029528178732,4.7155906865799474e-05
1160.0,0.000500770016592282,4.372033798964234e-05
1170.0,0.0004318885355002091,1.9112498459599252e-05
1180.0,0.00032202027589536266,2.8258478441423398e-05
1190.0,0.00029686437099494037,8.29430376658868e-05
1200.0,0.0006360001480633396,0.00033040754098925476
1210.0,0.0005371246008231255,0.0002520122233956044
1220.0,0.00048686114603555713,0.00024686446933175907
1230.0,0.0004285435827902249,0.00019848628871544006
1240.0,0.00044052787938789206,0.0003719470374168107
1250.0,0.00034679603746265057,0.0003764383888329853
1260.0,0.00023288829238635498,0.00021741912037763546
1270.0,0.00019413039449534927,0.00019026902755469598
1280.0,0.0001262632327946334,0.00041761913483792255
1290.0,0.0001350871621861999,0.000574388430476613
1300.0,0.0005173575613284338,0.0009765815088286023
1310.0,0.0004759442439115735,0.0007761644021644302
1320.0,0.0003454744667103044,0.00048303308240093764
1330.0,0.00048659753340064295,0.0008412734589701037
1340.0,0.0003693719446070757,0.0005603120057561153
1350.0,0.00027470968048046065,0.00054761070346127
1360.0,0.00020262728714448788,0.0008552057356005816
1370.0,0.00020787455045075207,0.001049011468103783
1380.0,0.00013705096456689608,0.0013119326453942864
1390.0,0.00014754820669885696,0.000992274546720792
1400.0,0.0006878436318311222,0.002571556480057199
1410.0,0.0005175265016296058,0.0017349168017786634
1420.0,0.00045259762528542506,0.0016467871834460177
1430.0,0.0004823472264844747,0.001220326979377047
1440.0,0.00040271961977585017,0.0005685801933135523
1450.0,0.00027732246013879175,0.00028895006694271846
1460.0,0.00022697372922379848,0.0002570931620724314
1470.0,0.0002477229906762258,0.0002011002512561071
1480.0,0.0002162975270638263,6.121165079665013e-05
1490.0,0.0002650490828507135,7.146888105121574e-05
1500.0,0.0005367437239156206,0.0025016633295432975
1510.0,0.0004964144962390458,0.0025351177754701797
1520.0,0.0007016130442300698,0.0027702050507287827
1530.0,0.0004068452407343251,0.0026365952213761178
1540.0,0.0002892280653447572,0.002470029581477108
1550.0,0.00031770652403746556,0.0017795280798190245
1560.0,0.00021949960136373337,0.0030111277382846306
1570.0,0.00014718613022577938,0.0016798541094643334
1580.0,0.00018663544565465618,0.0009355871227488321
1590.0,0.00016232011673612554,0.00036933223335322666
1600.0,0.0006497560004546469,0.0002977634502292783
1610.0,0.0006394452997245629,0.0002412051111243555
1620.0,0.0006170024912800374,0.0005375226417313183
1630.0,0.00037483405179196194,0.0005190084761100068
1640.0,0.0003380796297913575,0.0003887574231293356
1650.0,0.00029060315513016626,0.00024992276239269056
1660.0,0.00029528905329006524,0.00020074206687998648
1670.0,0.00029088167661356834,0.0002811521502299746
1680.0,0.00017978521454374644,0.00010930026127974491
1690.0,0.0001686439549462659,0.0002617801139977731
1700.0,0.00035207602106419644,0.00032419732199952787
1710.0,0.0002086394370605603,0.00022276846220431918
1720.0,0.00020704707482488248,0.00024919003615183564
1730.0,0.00014386461612171493,0.00016336157447560516
1740.0,0.00021401766326268663,0.0004597568328208139
1750.0,0.00018615893929308042,0.0005858632965410451
1760.0,0.00027587078027796317,0.00017625134428971728
1770.0,0.0003804670536568806,0.00013091388749078846
1780.0,0.0004290134879964754,0.0003236392098375321
1790.0,0.0002917050163260306,0.0001429569543098351
1800.0,0.0007516742691024054,0.00013282931958555593
1810.0,0.000595093247395751,0.00028319922966844044
1820.0,0.000794901388159307,0.00014467892723554613
1830.0,0.0012268985051684831,8.054220205693146e-05
1840.0,0.0009505057401383155,3.368306153162566e-05
1850.0,0.000895794623329541,1.8377353989515544e-05
1860.0,0.0010275057374761162,1.545274507818407e-05
1870.0,0.0014757712547124504,1.164839528607275e-05
1880.0,0.0010358089796543505,7.594866338433517e-06
1890.0,0.0010101975277296775,4.1257042124821944e-06
1900.0,0.0015146839111669858,4.173207687654551e-06
1910.0,0.001402898461257245,3.2114063460162243e-06
1920.0,0.001098107433158788,1.428198645176857e-05
1930.0,0.0009519154458785057,1.727194307826345e-05
1940.0,0.0007888878005763919,1.4075244336102525e-05
1950.0,0.0005503053724672233,2.1265847205674644e-05
1960.0,0.0003420635371015715,9.476492590670531e-06
1970.0,0.000260748159249165,3.970977609648577e-05
1980.0,0.0003344765851342458,9.286175575161529e-05
1990.0,0.00024966633309326527,3.771333137719569e-05
2000.0,0.0004494643861375285,4.786458690399113e-05
2010.0,0.0004643636062286339,0.00010733505598345866
2020.0,0.00034702332449214953,0.00021349285583030424
2030.0,0.0003289254394060122,0.0005786353987648431
2040.0,0.0005176963852474638,0.0004747432402357156
2050.0,0.00035954498023723334,0.0006086305130120687
2060.0,0.0003209143239773192,0.00037014299702749014
2070.0,0.0006926735443870291,0.00020186743207214046
2080.0,0.00043106713263749304,0.0004096741267269828
2090.0,0.0004123579937765533,0.00021469394642267923
2100.0,0.00035416649099035097,7.77579966437643e-05
2110.0,0.0004780622353064141,5.326549425971292e-05
2120.0,0.0003283329633519443,7.696377538301008e-05
2130.0,0.00023089184197414738,4.153698525622341e-05
2140.0,0.0002019913993753705,9.097376340963736e-05
2150.0,0.00015946157393729955,0.00012911135736596715
2160.0,0.00016469975322412926,0.00023931914521705292
2170.0,0.00023949017839829196,0.0002834808734923754
2180.0,0.00023655712383458596,0.0001680928832533594
2190.0,0.0002477726439433019,9.605848825052056e-05
2200.0,0.00041974696942224786,0.00038298794370201735
2210.0,0.0003307179382200006,0.00021239839403804198
2220.0,0.0003372226716049085,0.00024240640625880857
2230.0,0.0002735944620563374,0.00017895026179226762
2240.0,0.00016418606688868437,0.0002746449955857184
2250.0,0.00028902937203067493,0.00015449552493948082
2260.0,0.0003405265365932547,0.00016484835254467508
2270.0,0.0004222841509019511,3.961074878612483e-05
2280.0,0.0003831618788486149,8.721623395411953e-05
2290.0,0.00024804644472474296,4.8231898607209354e-05
2300.0,0.0005281794934362207,0.00017053920624515554
2310.0,0.0004604546700137126,0.0003078943775654196
2320.0,0.00027161576523731254,0.0001577145975339901
2330.0,0.00025798085720353097,0.0003581466061248873
2340.0,0.00019885344098019567,0.0004125037544149753
2350.0,0.00017174482581168977,0.0003492450938607037
2360.0,0.00014964227050521034,0.00013369987515950168
2370.0,0.00017447365890837442,0.000160158937668549
2380.0,0.00017394126172409668,0.00028848134504194835
2390.0,0.00014966426555686413,0.0002186705584315185
2400.0,0.00034891779754666485,0.0001421906254595763
2410.0,0.000244209448453434,5.590695585620307e-05
2420.0,0.00017688225874899275,6.031155340602258e-05
2430.0,0.00012441365788629332,3.0708917659727806e-05
2440.0,9.48771840394065e-05,1.5578237384711476e-05
2450.0,8.784734381376281e-05,2.5474581568774055e-05
2460.0,5.393577780562558e-05,2.7762800507193738e-05
2470.0,0.00010567708448043465,1.849310337068163e-05
2480.0,9.643754332905918e-05,7.96632545167601e-06
2490.0,8.151293741174445e-05,4.081954768944307e-06
2500.0,0.00014607150693163215,1.447197272995304e-05
2510.0,9.295608168068841e-05,8.440330057643604e-06
2520.0,7.72716854139357e-05,0.00010061421689116343
2530.0,8.028754939949256e-05,2.949112962911227e-05
2540.0,7.801277637933563e-05,2.730066413787538e-05
2550.0,7.555321441342803e-05,9.701911252526788e-06
2560.0,8.924242164627853e-05,3.093431604735884e-05
2570.0,0.00010427037919332442,3.142980271201289e-05
2580.0,9.938341386870494e-05,1.7356615785519717e-05
2590.0,5.967056810124161e-05,1.1598886059686812e-05
2600.0,0.0003853446184807613,7.288673071399667e-05
2610.0,0.00037133143277937416,1.9773715941029546e-05
2620.0,0.0003200925160791898,2.4328430793907968e-06
2630.0,0.00032646908027347615,2.6327788998304356e-06
2640.0,0.0002460312248697386,3.622131458578537e-06
2650.0,0.000235027131630845,1.172386362488055e-06
2660.0,0.000199371033532187,6.488315363139868e-07
2670.0,0.00027514584686591184,2.048412595078467e-06
2680.0,0.00017817606848736565,7.223595325045046e-07
2690.0,7.887370812594146e-05,1.4420188458484295e-06
2700.0,0.00016637282223256843,6.286689531139718e-07
2710.0,0.00019785266998549624,4.2113155196002913e-07
2720.0,0.0002011623028895451,1.177689363393571e-07
2730.0,0.00015106499054286037,2.776454818385246e-07
2740.0,0.00018997571857093463,9.604175682009638e-08
2750.0,0.00018017725920452092,2.2698408759326287e-07
2760.0,0.00020756097143757093,3.467615583828205e-06
2770.0,0.00042482140824101627,9.892356291276992e-06
2780.0,0.0003281593507329396,1.043766117587545e-05
2790.0,0.00031035475267872386,6.957363201376043e-06
2800.0,0.0016354395735457075,2.4754942072464367e-06
2810.0,0.00188230328241327,2.405000272016775e-06
2820.0,0.0020081273875528706,1.7734726566840167e-05
2830.0,0.0015258968190580665,1.6807511771125146e-05
2840.0,0.0009532329271008371,7.714295906493496e-05
2850.0,0.0006410160479731458,3.111027457952552e-05
2860.0,0.0004397966717686621,3.242811481957197e-05
2870.0,0.0003167405999648315,5.60142232171295e-06
2880.0,0.0003351367079429918,4.504068772275804e-06
2890.0,0.00026952904508945475,1.1624679531770644e-05
2900.0,0.0003064921682697502,1.468941426139806e-05
2910.0,0.0005404239980798355,5.2316197880892436e-05
2920.0,0.00039918752944018344,1.823692181533637e-05
2930.0,0.0004570212060612259,2.3027028996733107e-05
2940.0,0.0006395937430226899,1.6587261240846703e-05
2950.0,0.0003823704837096975,5.5636995183996606e-06
2960.0,0.0003264400154225314,2.4953183330373458e-05
2970.0,0.0001253173146273122,7.8746547085655e-06
2980.0,0.00013746681491283693,7.463149206960713e-05
2990.0,0.00016441439729297482,3.8058023262258826e-05
3000.0,0.0011995538806293701,0.00016325253423988086
3010.0,0.0011134350542126247,0.000337234550507575
3020.0,0.0008325842334866796,0.00040818687918101727
3030.0,0.0009172826276411517,0.00016774742170072164
3040.0,0.0009233265174505317,0.00020530492216748691
3050.0,0.0008205447605325318,0.00010083619558611807
3060.0,0.0008242333009837583,6.213627694276901e-05
3070.0,0.0008212755528347512,0.00010618822860804133
3080.0,0.001110198748129692,6.854182625652818e-05
3090.0,0.0011112849271495242,0.00013398370978919143
3100.0,0.0010918052422777386,0.00020326673612167505
3110.0,0.0007689654682657702,0.00014781974706525467
3120.0,0.0008073635806782103,0.00014474124205050213
3130.0,0.0007591918605800072,0.0001608499735546559
3140.0,0.00047342968322533415,0.00042382925555721864
3150.0,0.0005066576843020162,0.00018559945537769914
3160.0,0.0004085456613140996,0.0001330584113824387
3170.0,0.00040915655925127277,2.410276138437014e-05
3180.0,0.00030295404564660214,0.0001181041872180421
3190.0,0.00031576141205965665,4.888219313155718e-05
3200.0,0.00023209165701102338,0.00045339954384730644
3210.0,0.0002134055300803791,0.0005330512434113157
3220.0,0.00016984386629547557,0.0002759401703604552
3230.0,0.00015272549376060474,0.00011201354100396697
3240.0,0.00011111625493946808,1.140763406412084e-05
3250.0,0.00017466472759907143,2.1614035071280464e-05
3260.0,0.00018542287879534742,0.00013511102544415716
3270.0,0.00025060392239706727,5.150305322975879e-05
3280.0,0.00019118885044523982,5.703492684802113e-06
3290.0,0.00017721409016134893,2.691128706297752e-06
3300.0,0.0001560224831630013,5.141424174356137e-07
3310.0,0.00017768554904439257,6.46469462420762e-08
3320.0,0.00018971219673321945,3.796442105886012e-07
3330.0,0.00015846670380556543,1.3062685565606519e-07
3340.0,0.00020309494850788523,2.4123555643554835e-07
3350.0,0.0002497887726465479,1.4028655119437133e-07
3360.0,0.00020373025564320162,3.577580631494056e-08
3370.0,0.00013467409372512956,5.0258267976588524e-08
3380.0,9.73429692639119e-05,5.3499452900090376e-08
3390.0,0.0001620782440261036,5.843300359262965e-07
3400.0,0.0001745251347236725,2.277695169567359e-05
3410.0,9.768152215682333e-05,6.0354185511704575e-05
3420.0,8.93744706513557e-05,4.363812547878252e-05
3430.0,9.426501574501322e-05,2.8804060656677622e-05
3440.0,5.437756227757586e-05,4.392867756546072e-05
3450.0,4.155400151984941e-05,6.494027125703552e-06
3460.0,5.593919459718951e-05,2.7971498356428763e-05
3470.0,0.00010650111305035025,1.3682007283910783e-06
3480.0,0.000124990240362842,1.566656977112015e-06
3490.0,0.00046469980378146294,2.54228684816123e-06
3500.0,0.0002923914463886796,1.2556430023726946e-05
3510.0,0.00034163677187356266,2.9015826807334566e-06
3520.0,0.00024156323738396665,6.07254601217782e-07
3530.0,0.0002839754635222894,9.163955662556618e-07
3540.0,0.00021527131229110832,2.82478488214466e-07
3550.0,0.00021431546717513885,0.00013963530830098325
3560.0,0.00027614220082069704,5.673114210570338e-05
3570.0,0.00033842222255583824,0.00035053534110252716
3580.0,0.00016867125258444054,2.247822427977582e-05
3590.0,0.000201877207567244,6.432978007122129e-06
3600.0,0.0002473249038616847,7.86148940950561e-05
3610.0,0.0001325252357206798,2.2128891225682784e-05
3620.0,0.00013858753289599862,5.1499467388307645e-05
3630.0,0.00012983181192236575,7.825432672471372e-05
3640.0,0.00014149208470190666,3.348459392237134e-05
3650.0,9.064716953597764e-05,1.9706452573687796e-05
3660.0,9.010996972113743e-05,8.281853741599374e-06
3670.0,5.468266426018232e-05,2.7663186322422693e-05
3680.0,7.437418808380328e-05,7.157460124032797e-06
3690.0,3.286908072833917e-05,4.7276133917218426e-05
3700.0,4.0965117655215836e-05,7.318622683885943e-06
3710.0,3.747212137170533e-05,1.1294755263332026e-05
3720.0,4.082635425519518e-05,1.871393539232697e-06
3730.0,4.145414467294831e-05,5.8076170516009845e-05
3740.0,8.77859002878716e-05,9.201779593315075e-06
3750.0,0.00014553755255555058,6.590554308380265e-05
3760.0,0.00020521601517515376,4.8119967332179904e-05
3770.0,0.00018900124485088978,0.00011161935449878812
3780.0,0.00034349460858607207,5.887051867678389e-05
3790.0,0.00033985666688052154,0.000253933591903489
3800.0,0.000754765338952473,1.028987370986973e-05
3810.0,0.0006919818381924285,9.663022507607134e-07
3820.0,0.0004265734907412297,4.296309131447112e-07
3830.0,0.0002822806044341341,1.4790227640694325e-06
3840.0,0.00017776195264247892,1.1513865009100095e-06
3850.0,0.00020860025888157178,3.1248215275977095e-07
3860.0,0.0001305886642200467,3.39506453092723e-05
3870.0,8.122979120117373e-05,5.666518665965219e-06
3880.0,0.00014754178358549315,3.7142683134602268e-06
3890.0,0.00036653541587370036,5.677097225630687e-07
3900.0,0.000142709989616911,7.731618425928027e-08
3910.0,0.00010094870970865924,1.7718332963176546e-07
3920.0,0.00015971960005860557,2.402544436217567e-07
3930.0,0.00010768342066736229,3.1041985345998914e-06
3940.0,0.00011189898110536526,0.00022944538119258246
3950.0,8.062145143261613e-05,3.23668120519905e-05
3960.0,9.177175953767266e-05,4.48349449391694e-06
3970.0,0.00010384785192489194,4.652863661230075e-05
3980.0,9.497036755669203e-05,1.7256435645511194e-05
3990.0,9.899347495051728e-05,2.3435125736736655e-06
4000.0,3.810081979200914e-05,6.120059324591619e-06
4010.0,2.2510341771159455e-05,6.1144687156098e-06
4020.0,2.9377933147471803e-05,1.349140337375874e-06
4030.0,2.2059263933588364e-05,8.086341298653704e-07
4040.0,1.2183554283454186e-05,9.915031238753464e-06
4050.0,1.686926157378089e-05,5.9321843377615e-06
4060.0,9.636096034961263e-06,4.456752667470209e-07
4070.0,2.0953053763231657e-05,2.050654308835383e-06
4080.0,2.3285602212780743e-05,8.989268626900747e-07
4090.0,1.9027368768358758e-05,1.0836992452210258e-07
4100.0,4.795845172139727e-05,6.893528194727153e-08
4110.0,3.946719454206968e-05,8.525507987072004e-07
4120.0,2.7056677458361876e-05,8.525507987072004e-07
4130.0,3.550678961910449e-05,5.831004732035708e-06
4140.0,2.762099547928934e-05,6.833244177053065e-07
4150.0,3.4561256394949065e-05,2.320798110398018e-07
4160.0,3.593991829425961e-05,2.7176945048783875e-07
4170.0,7.415537095701075e-05,1.0805436087663265e-07
4180.0,7.356889417709234e-05,3.115771140633578e-06
4190.0,6.060125511247069e-05,3.0872769082238567e-05
4200.0,3.3827499174267235e-05,1.2197679072849695e-05
4210.0,3.687636948615393e-05,7.845816868915255e-06
4220.0,5.707217787676116e-05,0.00044749867202613196
4230.0,3.970172448433993e-05,2.049919139998514e-05
4240.0,3.5668798422642635e-05,1.7941773247359717e-05
4250.0,2.9935435262077144e-05,4.83397660401595e-07
4260.0,2.0307937051479905e-05,3.253080461945017e-08
4270.0,1.540055194379232e-05,6.121902305866566e-09
4280.0,9.911956130321176e-06,1.9278536957199955e-09
4290.0,4.806180726166047e-06,7.773556569168103e-09
4300.0,4.024018833768319e-06,7.101298524923928e-06
4310.0,2.735053636486057e-06,8.822774327950515e-07
4320.0,3.4114401007300325e-06,1.2574697516129832e-06
4330.0,3.5421007123535045e-06,6.816603155641448e-07
4340.0,5.714504776062676e-06,2.172555893654536e-07
4350.0,3.8101691228625323e-06,5.700448997061348e-07
4360.0,2.2892049581758703e-06,2.303468176263245e-06
4370.0,1.7920153906817614e-06,1.029394062333912e-05
4380.0,2.2216009625670207e-06,7.363531254672767e-05
4390.0,1.5612465044631052e-06,0.00021076523828318368
4400.0,3.175736532716654e-06,1.11050360308152e-05
4410.0,2.5836048226973826e-06,4.821497931786025e-07
4420.0,1.3088847436977037e-06,1.6144473791132646e-05
4430.0,1.1742864367729562e-06,1.983177897223292e-06
4440.0,1.5195402126370914e-06,6.891605784560751e-07
4450.0,2.0694600211641537e-06,4.051042176348938e-07
4460.0,1.213958611293137e-06,1.0126588195900891e-07
4470.0,1.0191068525856803e-06,3.6541058777788594e-07
4480.0,1.0579678598226645e-06,8.997340044757789e-08
4490.0,9.750297134495554e-07,1.0180225839683722e-08
4500.0,1.1150409780509574e-06,5.0467665180313235e-09
4510.0,1.029421084789182e-06,1.8091681557256208e-08
4520.0,8.696595316680679e-07,3.8489771847029873e-07
4530.0,2.585112927902727e-06,3.8489771847029873e-07
4540.0,4.73969019950855e-06,1.279252750794601e-06
4550.0,5.887169711321563e-06,1.279252750794601e-06
4560.0,1.1373802904354003e-05,3.860876781379434e-07
4570.0,8.907115816438865e-06,1.2465507529292414e-06
4580.0,9.842549447244255e-06,7.286490934582095e-06
4590.0,8.883169412997375e-06,2.3029555960321545e-05
4600.0,4.677796247814208e-06,2.114657979891107e-05
4610.0,2.8953296666812913e-06,0.0001250498835117995
4620.0,2.899745902753974e-06,1.8398194751350055e-05
4630.0,4.3258634098433595e-06,4.965025604089643e-06
4640.0,2.9660340148949458e-06,6.568732463083414e-07
4650.0,6.579987336910959e-06,6.568732463083414e-07
4660.0,8.931699989712778e-06,3.1604027048094106e-07
4670.0,1.1420296099604748e-05,3.1604027048094106e-07
4680.0,9.249033856669549e-06,4.219921889370821e-07
4690.0,1.6186872561361737e-05,8.80366283360286e-08
4700.0,3.863772228226466e-05,6.952580603153095e-10
4710.0,8.355021159774404e-05,2.908352202104295e-10
4720.0,3.659393064539011e-05,1.125445945764229e-10
4730.0,3.527550668924924e-05,1.125445945764229e-10
4740.0,2.293146481735358e-05,1.5785932982621405e-09
4750.0,0.00015957257666989263,1.9067128155118025e-10
4760.0,9.240668883897164e-05,3.105433035584851e-10
4770.0,0.00010597082402572388,3.105433035584851e-10
4780.0,0.0001220135837946969,3.105433035584851e-10
4790.0,0.0005426883545171495,3.105433035584851e-10
4800.0,0.0004738195709004738,3.205929806972165e-06
4810.0,0.0004844838073862273,4.149491673690655e-05
4820.0,0.00037051038381553204,4.330611683824065e-06
4830.0,0.00025263204788960496,4.330611683824065e-06
4840.0,0.00015427167728705883,1.3847803786078273e-06
4850.0,6.867390135166485e-05,1.3847803786078273e-06
4860.0,2.671839622928681e-05,1.3847803786078273e-06
4870.0,3.7791664678223666e-05,4.376178355391456e-07
4880.0,2.8880059022953982e-05,1.3733413502758912e-07
4890.0,3.8265206376269244e-05,6.326024848852105e-08
4900.0,9.801068912406272e-06,5.119914669869594e-11
4910.0,1.072684017929356e-05,1.1794942207576555e-09
4920.0,1.9446893915751093e-05,9.889799708459063e-11
4930.0,2.1004735313212826e-05,2.773168873678337e-11
4940.0,3.528670802474923e-05,7.57626369921763e-12
4950.0,4.337548597062809e-05,7.57626369921763e-12
4960.0,2.667638687449713e-05,5.153782618674526e-13
4970.0,3.054571760087395e-05,8.754377248790884e-12
4980.0,1.1799431676894585e-05,5.626748651817301e-13
4990.0,4.374292645678514e-06,4.051826240429884e-11
5000.0,5.832765721327522e-07,1.8954744029593837e-10
5010.0,5.738794890143659e-07,1.2362191180067372e-08
5020.0,5.085152927313133e-07,1.966862992153614e-07
5030.0,8.369585126050217e-07,2.000645801332909e-07
5040.0,1.3711111339043709e-06,4.634818235937673e-05
5050.0,4.631388413651235e-06,4.392058692072537e-06
5060.0,5.10479076854123e-05,4.392058692072537e-06
5070.0,1.9751000573800987e-05,2.7345416716468907e-07
5080.0,1.5834202885906027e-05,2.7345416716468907e-07
5090.0,1.3650849941447831e-05,5.06552234510418e-06
5100.0,7.115129227126535e-05,2.1887295077177952e-05
5110.0,4.8703457506925015e-05,0.00043894414627069036
5120.0,7.108232526554016e-05,2.820924302746144e-05
5130.0,6.581656290163146e-05,7.069106095129512e-06
5140.0,4.485529679492885e-05,1.7283732091364714e-06
5150.0,6.601706200225212e-05,4.144224931225967e-07
5160.0,3.8507008894156986e-05,9.75850109356218e-08
5170.0,1.774432488924507e-05,5.211842740411553e-09
5180.0,2.6359587765659666e-05,3.0667225812205995e-07
5190.0,3.0966772315662684e-05,1.578315729057672e-08
5200.0,2.884585227503013e-05,7.521211699180048e-10
5210.0,5.4363872663700384e-05,1.0420897883149725e-08
5220.0,2.2681203770361555e-05,1.0420897883149725e-08
5230.0,4.6547204153297335e-05,9.778108902660134e-11
5240.0,0.00014277338428432253,9.778108902660134e-11
5250.0,5.474107451577659e-05,3.8236445128780145e-12
5260.0,1.9147626155245653e-05,7.196496668441803e-13
5270.0,2.4677551886382274e-05,1.2989764743215606e-13
5280.0,1.6429057673107455e-05,2.196448599600894e-14
5290.0,7.823389807455906e-06,3.4863895940777853e-12
5300.0,7.814289981597184e-06,3.8424765596462226e-11
5310.0,1.51185256329549e-05,2.6908448872344203e-09
5320.0,2.4791206109210062e-05,2.6908448872344203e-09
5330.0,7.624238147159574e-06,4.284017396364054e-09
5340.0,3.866289682550627e-06,4.461469631018636e-08
5350.0,8.159714291104535e-06,4.461469631018636e-08
5360.0,3.4679933414057364e-06,1.482927804812232e-10
5370.0,1.0378558176167657e-06,4.975106085498359e-05
5380.0,3.9931678958230053e-07,7.81459833673483e-06
5390.0,6.496080051605885e-07,7.81459833673483e-06
5400.0,3.5298373011100132e-06,0.00011816515458636865
5410.0,3.1828455639301684e-06,2.0025877650353203e-05
5420.0,4.768033950600079e-06,3.4174225204077575e-06
5430.0,4.284457537565576e-06,9.740743874869182e-08
5440.0,4.91756584583177e-06,4.226297358806055e-10
5450.0,5.8608571034099885e-06,4.226297358806055e-10
5460.0,3.435787004143092e-06,4.226297358806055e-10
5470.0,6.855448593791079e-07,1.1965847866701469e-09
5480.0,3.7021074374747623e-06,1.327726848470135e-07
5490.0,3.871286003054264e-06,1.327726848470135e-07
5500.0,2.2193883826955608e-05,5.608141167161372e-10
5510.0,6.086258865424764e-05,7.080797691985025e-07
5520.0,4.8821711697361735e-05,1.1908498713513102e-08
5530.0,7.925060099897635e-05,1.2080142315299997e-06
5540.0,8.408753176569064e-05,2.035461282998563e-08
5550.0,3.111776686704657e-05,0.00021806884284790993
5560.0,8.834625899338403e-05,0.00021806884284790993
5570.0,7.26039423362584e-05,6.1575660701775644e-06
5580.0,3.8220854926073176e-05,1.0274472980386183e-06
5590.0,0.0001479528045798485,1.0274472980386183e-06
5600.0,0.00018108026110109774,8.801971393798786e-07
5610.0,0.00035012958660804135,4.6056177103346336e-06
5620.0,0.00012774623142426938,4.6056177103346336e-06
5630.0,3.842171047764528e-05,1.3373885234930318e-07
5640.0,2.7008304895220687e-05,1.3373885234930318e-07
5650.0,1.4293663341478352e-05,1.3373885234930318e-07
5660.0,8.268674181325627e-06,2.2200010316793893e-08
5670.0,8.727775425891494e-06,0.00027345044382586317
5680.0,2.5145689208044856e-06,1.992159735677776e-06
5690.0,9.575213744939062e-07,2.471263458993967e-09
5700.0,5.050416253273477e-06,7.765445415232675e-11
5710.0,2.608887721816027e-06,1.3280208929612506e-11
5720.0,9.622129429786455e-06,5.893360839961827e-14
5730.0,4.4177415853002025e-06,1.8878687082356205e-10
5740.0,2.230135037586656e-06,6.673076458008357e-08
5750.0,1.6590351689367312e-06,6.673076458008357e-08
5760.0,4.971100679722377e-07,8.956970803768983e-09
5770.0,5.974288271107823e-07,1.1822056024483635e-09
5780.0,3.5543879131289513e-06,2.0533231339418825e-07
5790.0,2.7866640175575335e-05,4.627906493190814e-06
5800.0,2.4604075175455555e-06,3.0233295987975184e-07
5810.0,1.1430450830786524e-06,3.0233295987975184e-07
5820.0,1.7259278929079097e-06,7.687253726258089e-06
5830.0,3.9177015926336675e-06,1.0361921969428074e-06
5840.0,6.671455111438956e-06,1.371336615637806e-07
5850.0,6.1425925237892614e-06,1.7826599916546856e-08
5860.0,1.6761920326960794e-05,2.8490789428143015e-10
5870.0,1.070279898632426e-05,3.4830317844720415e-11
5880.0,5.338424220623437e-06,4.753740558147137e-13
5890.0,4.292431241135604e-06,5.3255333227925106e-15
5900.0,3.484024867310677e-05,8.280343287748661e-11
5910.0,1.1688114015889024e-05,8.280343287748661e-11
5920.0,1.0285517888616209e-05,1.5822571170482578e-09
5930.0,1.8621958510673796e-05,1.5822571170482578e-09
5940.0,1.4047200709477219e-05,1.5822571170482578e-09
5950.0,2.2394069837719357e-05,1.5822571170482578e-09
5960.0,4.764276317562102e-05,1.4365521273426067e-10
5970.0,9.779471736697334e-05,1.2743692510539065e-11
5980.0,6.263556864700534e-05,1.1022316807545283e-12
5990.0,2.1332829112340387e-05,2.534457924568685e-09
6000.0,4.711718817789661e-05,1.2148995140221432e-14
6010.0,7.758511208018195e-05,9.848916469297634e-16
6020.0,7.758511208018195e-05,6.046726882885106e-18
6030.0,9.701589153903753e-05,6.046726882885106e-18
6040.0,7.312763830960911e-05,4.547894101986929e-19
6050.0,0.00012122816712998304,4.547894101986929e-19
6060.0,0.00015053420625924362,1.5431107626075858e-15
6070.0,9.641200886780173e-05,1.1980645767850193e-16
6080.0,4.5206968022099844e-05,9.046359245990115e-18
6090.0,2.4284041996047075e-05,6.59305841563378e-19
6100.0,1.5612077614843676e-05,1.653116412889457e-16
6110.0,9.912830014561892e-05,1.1772866341479206e-17
6120.0,6.025280408912712e-05,1.1772866341479206e-17
6130.0,4.290994092012959e-05,1.1772866341479206e-17
6140.0,4.290994092012959e-05,1.1772866341479206e-17
6150.0,2.5277631532264843e-05,3.582411047470518e-14
6160.0,4.201208808732607e-05,3.582411047470518e-14
6170.0,9.667427126352899e-05,3.582411047470518e-14
6180.0,0.00013401673229167742,2.3445251587202534e-15
6190.0,0.00025958395012904984,2.3445251587202534e-15
6200.0,0.000208107766841123,2.3445251587202534e-15
6210.0,0.00014263474419888667,6.207337516026264e-12
6220.0,0.00011788596043874609,6.207337516026264e-12
6230.0,8.02774430668384e-05,6.207337516026264e-12
6240.0,0.00014132461868347662,9.84119293210746e-10
6250.0,5.343750460946944e-05,1.9017593056244033e-06
6260.0,2.9621460318178208e-05,1.4454924169691802e-07
6270.0,1.0949307238400374e-05,1.4454924169691802e-07
6280.0,7.312347355589862e-06,1.4454924169691802e-07
6290.0,4.291948685332908e-05,1.4454924169691802e-07
6300.0,2.7910558591872293e-05,3.864371853689467e-12
6310.0,3.355456012167607e-05,2.5875662474171383e-13
6320.0,9.052407372647702e-05,2.5875662474171383e-13
6330.0,5.9578302613918486e-05,2.5875662474171383e-13
6340.0,2.5609205442044207e-05,6.816995860800265e-10
6350.0,1.349413868568544e-05,6.816995860800265e-10
6360.0,2.0308042390765485e-05,6.816995860800265e-10
6370.0,1.6331209562537906e-05,6.816995860800265e-10
6380.0,1.3109529186735716e-05,6.816995860800265e-10
6390.0,1.0207474553944007e-05,4.230063692415722e-11
6400.0,9.562898608356028e-06,4.230063692415722e-11
6410.0,9.562898608356028e-06,1.4899097996407586e-13
6420.0,6.074536735709517e-06,3.0768510724384157e-10
6430.0,2.1956404081446094e-05,3.0768510724384157e-10
6440.0,0.0002992529274028302,3.0768510724384157e-10
6450.0,0.00023863454576518515,3.0768510724384157e-10
6460.0,9.648161881588855e-05,3.0768510724384157e-10
6470.0,2.3450591228114993e-05,1.8719401172310515e-11
6480.0,7.830420157270422e-05,1.8719401172310515e-11
6490.0,6.730335047347753e-05,6.37034531953756e-14
6500.0,4.3903463419813154e-05,8.816613396798581e-08
6510.0,2.7401841304995105e-05,3.495637921638225e-10
6520.0,1.699477194950774e-05,3.2156439928005237e-06
6530.0,8.229737377954309e-06,2.100126232757515e-07
6540.0,1.7563387744935394e-05,8.157643268237617e-10
6550.0,3.756356040119985e-05,2.3459451658630613e-12
6560.0,0.00013502813495665816,2.3459451658630613e-12
6570.0,6.394157292466077e-05,3.3497702034972296e-09
6580.0,4.968086210225019e-05,3.3497702034972296e-09
6590.0,1.7937167430079852e-05,1.6770515480159733e-10
6600.0,1.917559009494258e-05,3.536559107206553e-13
6610.0,5.574200053882403e-05,1.4138158096758885e-14
6620.0,3.3082285838052676e-05,1.4138158096758885e-14
6630.0,1.954736743487741e-05,1.4138158096758885e-14
6640.0,2.6447900357276384e-05,1.4138158096758885e-14
6650.0,2.6447900357276384e-05,1.4138158096758885e-14
6660.0,1.1817673788725637e-05,1.4138158096758885e-14
6670.0,9.015858964481797e-06,1.4138158096758885e-14
6680.0,3.031420183677535e-06,3.242222391486828e-13
6690.0,3.031420183677535e-06,3.242222391486828e-13
6700.0,1.4252876649089916e-05,3.242222391486828e-13
6710.0,8.555662451894644e-05,4.329030752049655e-15
6720.0,4.94478473392893e-05,4.329030752049655e-15
6730.0,8.046334250106949e-05,4.329030752049655e-15
6740.0,2.6743035068321888e-05,3.309619842040613e-12
6750.0,3.328733110868203e-05,3.309619842040613e-12
6760.0,4.1447579507634545e-05,3.309619842040613e-12
6770.0,3.1288897114783945e-05,2.133895246930784e-09
6780.0,1.0040542495533568e-05,2.133895246930784e-09
6790.0,1.2446688960298887e-05,2.812707678800115e-10
6800.0,0.00011256900964117024,3.917786611514949e-12
6810.0,0.00015936330410790735,5.101757252801637e-14
6820.0,0.00011798107304067505,5.101757252801637e-14
6830.0,0.00011798107304067505,6.10368011392727e-16
6840.0,0.00020461664980059904,5.847552982813765e-15
6850.0,0.00011057657186592258,4.331628398542645e-12
6860.0,8.109127386046949e-05,4.331628398542645e-12
6870.0,0.00020694653584388045,6.274290808549892e-18
6880.0,5.770718894419706e-05,6.274290808549892e-18
6890.0,1.1981786442702337e-05,4.000549342173273e-12
6900.0,9.476977909980511e-05,7.674664263540464e-06
6910.0,6.88802228787032e-05,7.674664263540464e-06
6920.0,1.9071476374679135e-05,7.674664263540464e-06
6930.0,5.574476986677264e-05,7.674664263540464e-06
6940.0,2.91197640268858e-05,7.674664263540464e-06
6950.0,2.099888383524064e-05,7.674664263540464e-06
6960.0,0.0001432340681318491,7.674664263540464e-06
6970.0,5.366529029917636e-05,7.239895878615302e-05
6980.0,2.7769577595236025e-05,7.209833283652995e-07
6990.0,1.0261693871181455e-05,7.209833283652995e-07
7000.0,6.603411773279217e-06,1.847099516719853e-05
7010.0,8.900044374320483e-05,2.031573124320797e-09
7020.0,0.00012298785899702292,2.031573124320797e-09
7030.0,8.826403356349924e-05,1.81336363764437e-11
7040.0,8.281485344368276e-05,8.920763528991454e-08
7050.0,3.0623498972834427e-05,6.508072715223867e-12
7060.0,2.1960328879830148e-05,3.568009694497528e-08
7070.0,5.782990164165048e-06,3.568009694497528e-08
7080.0,2.9566464958787124e-06,0.00017267271596810635
7090.0,6.585168797278536e-06,0.00017267271596810635
7100.0,7.086977419608827e-07,9.872279951937358e-07
7110.0,5.041336635264477e-07,5.075525102445617e-09
7120.0,3.5800808664594717e-07,5.075525102445617e-09
7130.0,8.113024801538409e-07,5.075525102445617e-09
7140.0,5.751095403280818e-07,5.075525102445617e-09
7150.0,1.3064219731960495e-06,5.075525102445617e-09
7160.0,6.539141150986638e-07,5.075525102445617e-09
7170.0,1.622116924498528e-07,4.4567682223443445e-14
7180.0,3.7101919362367563e-07,4.4567682223443445e-14
7190.0,1.8329234130456329e-07,4.4567682223443445e-14
7200.0,1.0138910682506285e-07,6.56961900840634e-09
7210.0,1.0763688869437507e-06,6.56961900840634e-09
7220.0,1.6033143719200276e-06,6.56961900840634e-09
7230.0,5.213630608795325e-06,3.0623683927662e-07
7240.0,1.1905821117762399e-05,1.2183972433626374e-10
7250.0,3.900762544373185e-05,1.6129701780887113e-05
7260.0,3.900762544373185e-05,1.6129701780887113e-05
7270.0,2.7331749843841116e-05,1.6129701780887113e-05
7280.0,2.7331749843841116e-05,1.3461664590785214e-08
7290.0,1.913360447193826e-05,9.284980508669617e-12
7300.0,7.571807517973881e-07,4.79953084520652e-15
7310.0,5.274691174051318e-07,4.79953084520652e-15
7320.0,2.5540327508002825e-07,5.699417374920139e-12
7330.0,5.943881303951255e-08,5.699417374920139e-12
7340.0,1.0548825758929275e-07,5.699417374920139e-12
7350.0,1.0548825758929275e-07,5.699417374920139e-12
7360.0,1.0548825758929275e-07,5.699417374920139e-12
7370.0,2.705573403915568e-07,5.699417374920139e-12
7380.0,6.936292854312348e-07,5.699417374920139e-12
7390.0,1.7789740655198731e-06,5.699417374920139e-12
7400.0,1.1791622848051708e-07,2.231154786403883e-15
7410.0,4.418660165049405e-07,2.231154786403883e-15
7420.0,2.380098881311456e-06,7.012202360253689e-19
7430.0,6.167887220524033e-06,7.012202360253689e-19
7440.0,2.972232515856488e-06,7.012202360253689e-19
7450.0,1.4289536429300997e-06,7.012202360253689e-19
7460.0,1.4289536429300997e-06,7.012202360253689e-19
7470.0,6.848325340294296e-07,7.012202360253689e-19
7480.0,3.2739932253926364e-07,6.085409977891184e-13
7490.0,1.0773451421127502e-07,2.1306866586968012e-16
7500.0,3.0930474609910296e-05,2.1306866586968012e-16
7510.0,1.4909452324575831e-05,2.1306866586968012e-16
7520.0,3.4457751389075673e-06,2.1306866586968012e-16
7530.0,2.6177730912408723e-05,2.1306866586968012e-16
7540.0,8.744684939462266e-06,2.1306866586968012e-16
7550.0,2.3566947118953276e-06,2.1306866586968012e-16
7560.0,4.6414995872452896e-06,5.967818386378068e-20
7570.0,1.9121665320714803e-05,5.967818386378068e-20
7580.0,6.343879324776969e-06,5.967818386378068e-20
7590.0,3.0297738110404307e-06,5.5892772461486e-14
7600.0,9.601251647779012e-07,1.3331573790962769e-11
7610.0,6.613160093398072e-07,1.3331573790962769e-11
7620.0,1.959457336769712e-06,1.3331573790962769e-11
7630.0,9.290794176800259e-07,1.3331573790962769e-11
7640.0,4.020638250685202e-06,1.3331573790962769e-11
7650.0,5.702319713787921e-06,5.148360025135369e-15
7660.0,1.8596186823263319e-06,5.148360025135369e-15
7670.0,6.0260443612115e-07,5.148360025135369e-15
7680.0,2.6683266283585376e-06,5.148360025135369e-15
7690.0,5.90681702897613e-07,5.148360025135369e-15
7700.0,2.3921097667781676e-05,5.148360025135369e-15
7710.0,7.740633249819537e-06,1.6102052248371595e-18
7720.0,5.069346115197777e-05,1.6102052248371595e-18
7730.0,3.4754430645979766e-05,1.6102052248371595e-18
7740.0,1.628222952361648e-05,3.9927569551161856e-22
7750.0,1.1216036807316817e-06,7.764277066408716e-26
7760.0,5.164568863082729e-07,7.764277066408716e-26
7770.0,1.5953753259058205e-07,7.764277066408716e-26
7780.0,4.863956514478245e-08,7.764277066408716e-26
7790.0,4.373464206542942e-09,1.3651362747629603e-19
7800.0,6.530235736855659e-08,1.3651362747629603e-19
7810.0,2.0692922475133138e-07,1.3651362747629603e-19
7820.0,8.891052110749145e-08,1.3651362747629603e-19
7830.0,3.7574307151822945e-08,1.2480278007394013e-13
7840.0,3.7574307151822945e-08,3.768079376146645e-17
7850.0,3.7574307151822945e-08,2.7217977264259054e-11
7860.0,3.7574307151822945e-08,2.7217977264259054e-11
7870.0,4.6829494129086114e-08,2.7217977264259054e-11
7880.0,2.2113450366566419e-07,2.7217977264259054e-11
7890.0,5.7720698516646907e-08,2.7217977264259054e-11
7900.0,8.176019618925063e-07,1.1911317795471813e-05
7910.0,3.3350227267313316e-07,1.1911317795471813e-05
7920.0,8.617625877088552e-08,7.56105042040055e-09
7930.0,2.6029897580602343e-07,7.56105042040055e-09
7940.0,4.985146811949372e-07,7.56105042040055e-09
7950.0,2.007941172342724e-07,7.56105042040055e-09
7960.0,2.007941172342724e-07,7.56105042040055e-09
7970.0,8.007824652971125e-08,7.56105042040055e-09
7980.0,5.043013731787436e-08,7.56105042040055e-09
7990.0,5.043013731787436e-08,7.56105042040055e-09
8000.0,1.154739460950385e-06,2.280819200975096e-12
8010.0,2.5840186464361163e-05,3.5663098759074857e-06
8020.0,0.00012329002731087795,2.8050620093912625e-06
8030.0,0.000251833813376418,2.8050620093912625e-06
8040.0,4.220560345523062e-05,2.8050620093912625e-06
8050.0,6.419969711864925e-05,2.8050620093912625e-06
8060.0,2.7909867065703305e-06,2.8050620093912625e-06
8070.0,1.1046178096274496e-05,2.3163538492516875e-09
8080.0,7.034472368523213e-06,2.3163538492516875e-09
8090.0,2.8422435752751937e-06,2.3163538492516875e-09
8100.0,4.6131207355490544e-08,2.3163538492516875e-09
8110.0,1.822349083946969e-08,2.3163538492516875e-09
8120.0,7.146465857330677e-09,2.3163538492516875e-09
8130.0,4.45813366595632e-09,2.3163538492516875e-09
8140.0,2.7715981442873923e-09,2.3163538492516875e-09
8150.0,1.1555474930483749e-08,2.3163538492516875e-09
8160.0,7.159291945480767e-09,2.3163538492516875e-09
8170.0,4.7681939135437213e-08,2.3163538492516875e-09
8180.0,1.2091198939631836e-07,1.6967677903390529e-12
8190.0,2.8556992393044648e-08,1.6636459470560125e-05
8200.0,1.6895280718727867e-08,1.6636459470560125e-05
8210.0,3.907346372042565e-09,1.6636459470560125e-05
8220.0,3.907346372042565e-09,1.6636459470560125e-05
8230.0,8.854775346800386e-10,1.6636459470560125e-05
8240.0,1.9770060734118131e-10,3.051199209966552e-08
8250.0,1.1917935120372392e-10,3.051199209966552e-08
8260.0,1.3454268148228716e-09,3.051199209966552e-08
8270.0,3.287150628104605e-09,5.0162993262218006e-11
8280.0,2.3790574504745464e-07,5.0162993262218006e-11
8290.0,2.3790574504745464e-07,7.134663117427322e-14
8300.0,6.8988285019229585e-09,7.134663117427322e-14
8310.0,1.665598733950727e-08,7.134663117427322e-14
8320.0,5.994727433264191e-09,7.134663117427322e-14
8330.0,5.994727433264191e-09,7.134663117427322e-14
8340.0,6.671667489837266e-08,7.0479370503468255e-09
8350.0,1.4311031950479668e-08,1.116401681935483e-11
8360.0,1.4311031950479668e-08,1.116401681935483e-11
8370.0,1.5917933808383692e-07,1.116401681935483e-11
8380.0,1.8709023237904016e-05,1.116401681935483e-11
8390.0,4.099010883641991e-06,1.8164819073575047e-17
8400.0,2.4491733365573755e-08,1.1313559731448088e-26
8410.0,1.896492601837064e-06,3.166282159250549e-18
8420.0,6.817242096196237e-07,2.6820896454758575e-10
8430.0,4.077976593587874e-07,2.6820896454758575e-10
8440.0,1.4525090290328056e-07,2.6820896454758575e-10
8450.0,5.1440633554556986e-08,2.6820896454758575e-10
8460.0,5.1440633554556986e-08,2.6820896454758575e-10
8470.0,5.1440633554556986e-08,1.5771408171004737e-13
8480.0,3.7259576647976535e-09,1.5771408171004737e-13
8490.0,1.2925584076484817e-09,1.5771408171004737e-13
8500.0,9.46510878119622e-10,3.1171395678341984e-11
8510.0,2.3313306271893687e-09,3.1171395678341984e-11
8520.0,9.679447699706045e-09,3.1171395678341984e-11
8530.0,1.9256501939874896e-09,3.1171395678341984e-11
8540.0,7.908792608443115e-09,5.0116059992743546e-15
8550.0,9.476258483033291e-08,5.0116059992743546e-15
8560.0,1.2789222749136712e-07,5.678664944932509e-19
8570.0,5.066364107820422e-07,6.521153601767642e-13
8580.0,2.9230602138177805e-07,7.54099746754635e-17
8590.0,3.796325606944008e-07,7.54099746754635e-17
8600.0,3.500874923935247e-07,7.54099746754635e-17
8610.0,6.362579030862307e-08,7.158402819124501e-11
8620.0,6.362579030862307e-08,7.158402819124501e-11
8630.0,6.362579030862307e-08,7.158402819124501e-11
8640.0,4.2698913339892787e-07,7.158402819124501e-11
8650.0,2.3651604962912058e-07,7.158402819124501e-11
8660.0,1.5764785204021019e-06,4.150700284146111e-05
8670.0,2.662592696168326e-07,4.150700284146111e-05
8680.0,3.221731113260518e-06,4.150700284146111e-05
8690.0,3.845937533093719e-05,4.150700284146111e-05
8700.0,1.0298995087608497e-07,3.9972020366810906e-10
8710.0,3.098087747129918e-08,3.9972020366810906e-10
8720.0,1.4976228570183751e-09,3.9972020366810906e-10
8730.0,1.0762226691459466e-08,2.2649821674530963e-15
8740.0,3.183548097286494e-09,2.2649821674530963e-15
8750.0,9.352682372025817e-10,6.6333275821467256e-21
8760.0,6.752469005154351e-09,6.6333275821467256e-21
8770.0,7.751211574465997e-09,6.6333275821467256e-21
8780.0,3.5872867668521196e-10,6.6333275821467256e-21
8790.0,8.553257127766689e-12,6.6333275821467256e-21
8800.0,1.6770649449113488e-09,6.6333275821467256e-21
8810.0,1.5808066578795007e-07,6.6333275821467256e-21
8820.0,2.520500215263971e-08,7.441789466769133e-28
8830.0,5.263766363905146e-08,7.441789466769133e-28
8840.0,1.5376481125543643e-08,7.441789466769133e-28
8850.0,8.285242059759343e-09,7.441789466769133e-28
8860.0,1.7283790183249242e-08,7.441789466769133e-28
8870.0,1.6022513120825733e-06,7.441789466769133e-28
8880.0,8.681270237384832e-07,1.3604553323954643e-16
8890.0,4.217476004265281e-05,1.3604553323954643e-16
8900.0,1.7196573703624874e-07,3.1812164757150346e-06
8910.0,9.249093229443668e-08,3.1812164757150346e-06
8920.0,4.9607105523413944e-08,3.1812164757150346e-06
8930.0,7.560904738214538e-09,3.1812164757150346e-06
8940.0,2.1347009477346964e-09,3.1812164757150346e-06
8950.0,5.973368819978323e-10,3.1812164757150346e-06
8960.0,8.692658884892232e-11,3.1812164757150346e-06
8970.0,3.514816212536228e-10,3.1812164757150346e-06
8980.0,1.3996020665026582e-09,7.440227711540581e-12
8990.0,1.0511459525674033e-08,7.440227711540581e-12
9000.0,1.2193540070063725e-06,7.440227711540581e-12
9010.0,8.768725124559923e-06,7.440227711540581e-12
9020.0,8.768725124559923e-06,7.440227711540581e-12
9030.0,4.594580585842706e-06,7.440227711540581e-12
9040.0,4.594580585842706e-06,7.440227711540581e-12
9050.0,2.382038825587104e-06,7.440227711540581e-12
9060.0,1.7557442938458716e-05,7.440227711540581e-12
9070.0,1.7557442938458716e-05,7.440227711540581e-12
9080.0,1.7557442938458716e-05,7.440227711540581e-12
9090.0,1.7557442938458716e-05,1.0011591325192319e-17
9100.0,0.00013624956696636396,7.047393333601627e-24
9110.0,1.8242600244124098e-05,7.047393333601627e-24
9120.0,1.8242600244124098e-05,7.047393333601627e-24
9130.0,1.8242600244124098e-05,7.047393333601627e-24
9140.0,1.8242600244124098e-05,7.047393333601627e-24
9150.0,1.8242600244124098e-05,7.047393333601627e-24
9160.0,9.151093423045668e-06,7.047393333601627e-24
9170.0,2.275926617918728e-06,2.5440994098423325e-10
9180.0,1.1247102556368845e-06,2.5440994098423325e-10
9190.0,2.6860173382687483e-07,2.5440994098423325e-10
9200.0,1.2907385731283112e-07,2.5440994098423325e-10
9210.0,1.2907385731283112e-07,2.5440994098423325e-10
9220.0,1.2907385731283112e-07,2.5440994098423325e-10
9230.0,1.2907385731283112e-07,2.5440994098423325e-10
9240.0,5.933663754509255e-08,2.5440994098423325e-10
9250.0,5.933663754509255e-08,2.5440994098423325e-10
9260.0,5.933663754509255e-08,2.5440994098423325e-10
9270.0,5.933663754509255e-08,2.5440994098423325e-10
9280.0,1.2442252832346925e-06,2.5440994098423325e-10
9290.0,1.1171336787443476e-07,3.9855712744737443e-16
9300.0,1.0514996630961731e-06,3.9855712744737443e-16
9310.0,4.660992119398748e-07,3.9855712744737443e-16
9320.0,8.98877870234954e-08,3.9855712744737443e-16
9330.0,8.98877870234954e-08,3.328190716675873e-22
9340.0,8.98877870234954e-08,3.328190716675873e-22
9350.0,8.98877870234954e-08,1.3774837439731914e-28
9360.0,3.817946818433061e-08,1.3774837439731914e-28
9370.0,3.817946818433061e-08,1.3774837439731914e-28
9380.0,3.817946818433061e-08,1.3774837439731914e-28
9390.0,3.575964737959863e-07,1.3774837439731914e-28
9400.0,1.3903736783317649e-06,2.4197636798011777e-35
9410.0,1.3903736783317649e-06,2.4197636798011777e-35
9420.0,1.3903736783317649e-06,2.4197636798011777e-35
9430.0,2.398486545519905e-07,2.4197636798011777e-35
9440.0,1.654891423268751e-08,2.4197636798011777e-35
9450.0,3.8873550148023847e-07,2.4197636798011777e-35
9460.0,3.8873550148023847e-07,2.4197636798011777e-35
9470.0,8.968120995994282e-06,2.4197636798011777e-35
9480.0,1.331844538414825e-06,4.665797481685045e-20
9490.0,4.578325504848544e-06,4.665797481685045e-20
9500.0,1.7192110883105883e-06,5.8705507597961555e-27
9510.0,1.7192110883105883e-06,2.9850067658680384e-34
9520.0,1.7192110883105883e-06,4.109367163077998e-42
9530.0,1.7192110883105883e-06,4.109367163077998e-42
9540.0,6.263276028314648e-07,4.109367163077998e-42
9550.0,5.9518675416767645e-06,4.109367163077998e-42
9560.0,7.711179964348547e-07,4.109367163077998e-42
9570.0,7.711179964348547e-07,4.109367163077998e-42
9580.0,7.711179964348547e-07,4.109367163077998e-42
9590.0,2.1496566189714947e-05,4.109367163077998e-42
9600.0,2.5527218250010148e-06,5.376575540683958e-26
9610.0,8.693914982303333e-07,5.376575540683958e-26
9620.0,8.693914982303333e-07,5.376575540683958e-26
9630.0,8.693914982303333e-07,5.376575540683958e-26
9640.0,2.864202835401525e-07,5.376575540683958e-26
9650.0,9.417950903856268e-06,5.376575540683958e-26
9660.0,9.417950903856268e-06,5.376575540683958e-26
9670.0,9.417950903856268e-06,5.376575540683958e-26
9680.0,9.417950903856268e-06,5.376575540683958e-26
9690.0,0.0003674756278044605,3.280817338386475e-34
9700.0,0.000351748513882722,3.280817338386475e-34
9710.0,4.5004262394960535e-05,3.280817338386475e-34
9720.0,4.5004262394960535e-05,3.280817338386475e-34
9730.0,1.5930878839382634e-05,3.280817338386475e-34
9740.0,1.5930878839382634e-05,3.280817338386475e-34
9750.0,5.554869136773778e-06,7.263775046717145e-19
9760.0,1.91786000897293e-06,7.263775046717145e-19
9770.0,1.91786000897293e-06,7.263775046717145e-19
9780.0,1.91786000897293e-06,7.263775046717145e-19
9790.0,6.463668888998775e-07,7.263775046717145e-19
9800.0,2.410158475619526e-06,7.263775046717145e-19
9810.0,2.410158475619526e-06,7.263775046717145e-19
9820.0,2.410158475619526e-06,7.263775046717145e-19
9830.0,2.410158475619526e-06,5.589760686523004e-05
9840.0,7.392200786510813e-07,1.2055984202956917e-12
9850.0,7.392200786510813e-07,1.2055984202956917e-12
9860.0,7.392200786510813e-07,1.2055984202956917e-12
9870.0,2.073220657714656e-07,1.2055984202956917e-12
9880.0,2.073220657714656e-07,1.2055984202956917e-12
9890.0,2.073220657714656e-07,1.2055984202956917e-12
9900.0,3.5324038633484397e-09,1.2055984202956917e-12
9910.0,3.5324038633484397e-09,9.939428239289228e-21
9920.0,3.5324038633484397e-09,2.3962838132043358e-29
9930.0,8.355504263404415e-10,2.3962838132043358e-29
9940.0,8.355504263404415e-10,1.3744298152145599e-05
9950.0,8.355504263404415e-10,1.3744298152145599e-05
9960.0,4.056845613476553e-11,1.3744298152145599e-05
9970.0,4.056845613476553e-11,1.3744298152145599e-05
9980.0,4.056845613476553e-11,1.3744298152145599e-05
9990.0,4.056845613476553e-11,1.3744298152145599e-05
10000.0,0.0006083622665968536,2.6771006009364516e-11
