pool,dayrel,rv,hours,volume,liq,n_arb,over,profit,loss,sigma_bps
BTCB-USDT-500,-31,1.1670419736903202e-05,1,567904.8743509873,3.1394013903732024e+23,93,1.0673592333502309,65.17175611686565,262.16193323754914,0.5693666007284665
BTCB-USDT-500,-30,0.0001835230736059664,24,7694126.028061557,3.6424975264607745e+23,1444,0.6745970505364688,628.3150789280475,3972.134345621583,0.4608806405369186
BTCB-USDT-500,-29,0.000198791641097597,24,11522660.506973691,3.7611474417704193e+23,1563,0.7446276882678559,1820.6476423427678,4882.395702293845,0.47966959246655766
BTCB-USDT-500,-28,0.00038747127192112295,24,17831039.098521497,3.7173835841865466e+23,2616,0.7903313258944112,2629.990257165795,8472.626506165723,0.6696731443615441
BTCB-USDT-500,-27,0.00027408967588470116,24,14386732.526687028,3.743528391916001e+23,2063,0.7147204284504971,2765.064493025934,6263.719786167499,0.5632347833389275
BTCB-USDT-500,-26,0.00021305474977581295,24,10216034.986946877,3.7303673717050684e+23,1753,0.6953032745060511,958.2436610592188,4876.639523431919,0.4965794453799488
BTCB-USDT-500,-25,0.0006687744950278425,24,38447959.89554926,3.6020757528626244e+23,3970,0.8434899852364665,7776.440711789532,12988.603394447517,0.8797980191102804
BTCB-USDT-500,-24,0.0002799754382365575,24,22522530.44830605,3.6349331809302975e+23,2384,0.7768530484311665,4302.306290063417,6384.752602453564,0.5692500734362067
BTCB-USDT-500,-23,0.00012152861399477113,24,8030321.09625613,3.8060083104035397e+23,1081,0.6416440904813637,2465.607209031217,3034.257758838264,0.37504415479980974
BTCB-USDT-500,-22,0.00013315740279869827,24,8062269.530738661,3.860509219877271e+23,1133,0.6011442299014416,802.8740546994704,3368.2140845799295,0.3925778449560612
BTCB-USDT-500,-21,0.000384687488103837,24,20204713.312694952,3.337600553744856e+23,2739,0.7898525195929054,2892.353217573792,8013.595449695942,0.6672631776655519
BTCB-USDT-500,-20,0.000378441051094428,24,18286944.673736,2.9513831795851577e+23,2708,0.7154652854192299,4828.78034294843,6427.8002357097475,0.6618235987056794
BTCB-USDT-500,-19,0.0003307246350451477,24,15408375.26044848,3.1008687537911945e+23,2474,0.693038661619307,2222.384090764451,6658.647328632063,0.6186947085706854
BTCB-USDT-500,-18,0.0007014058742093397,24,35653019.71818062,3.334539288285192e+23,4433,0.8737709885537576,7584.580129928191,14811.178796789878,0.901006300981829
BTCB-USDT-500,-17,0.0005833471136398075,24,27980827.11290594,3.4881621364970525e+23,3902,0.84909209503792,3693.1534487905933,11519.370401069822,0.8216874529992799
BTCB-USDT-500,-16,0.00015728592208310348,24,6900498.306589279,3.7157908391027675e+23,1201,0.6678900271525013,537.5759437723302,3551.0902497276197,0.42666601844989754
BTCB-USDT-500,-15,0.00023564091843855724,24,9878167.00111498,3.7332389458534815e+23,1569,0.6528128990907001,916.6856459673356,4868.360653473187,0.522238015170354
BTCB-USDT-500,-14,0.0005062542486760625,24,20026363.96891335,3.6600157475396686e+23,2923,0.7752614333971098,2074.597394304247,10604.418782029277,0.7654687566773359
BTCB-USDT-500,-13,0.00045558409621172,24,20135031.37541193,3.723354739690001e+23,2897,0.7966791843499402,1702.9461009965755,9616.660292842258,0.7261517800380674
BTCB-USDT-500,-12,0.0005536357452747397,24,23415275.574736517,3.824338542791936e+23,3532,0.6956121138680431,2276.340662599953,12090.170562017878,0.8004886711169024
BTCB-USDT-500,-11,0.00016744611999833627,24,8930089.353059405,3.9297965962653474e+23,1492,0.5908243827512843,499.87909942956344,4201.585159409726,0.44023105254820905
BTCB-USDT-500,-10,0.0004227332397968738,24,18200511.679380707,3.6789623702933394e+23,2676,0.695328352372366,1975.8100217439912,8855.30882899064,0.6994816531534144
BTCB-USDT-500,-9,0.0006344173451572689,24,19632927.93857343,3.541786595438506e+23,2836,0.6714022775152118,2686.2800030880408,10879.341102147697,0.8569010063436528
BTCB-USDT-500,-8,0.0008199636155571191,24,36306829.58072548,3.082038182653072e+23,4800,0.9122073459933441,7524.983817228567,15550.261575742876,0.9741827151260535
BTCB-USDT-500,-7,0.0008333599384596886,24,35159087.060910806,3.499583471107089e+23,4545,0.828222857497006,4319.677566363674,17975.504814507214,0.9821084287439064
BTCB-USDT-500,-6,0.0004486072724052096,24,20441649.184026673,3.6738547165063544e+23,2789,0.658830171250502,2017.4776891670895,9858.50589259666,0.7205701770810545
BTCB-USDT-500,-5,0.00033342340204770243,24,15397186.610542286,3.523191239525436e+23,2339,0.70298675616633,1931.701289159442,7372.682503228531,0.6212139046520039
BTCB-USDT-500,-4,0.00029450921510179644,24,12382155.157727184,3.6928890050532305e+23,1914,0.6157322291383105,1054.7222843416619,6017.562776448912,0.5838382884913944
BTCB-USDT-500,-3,0.00023200651460831957,24,11018559.054137053,3.827082090651547e+23,1710,0.5922777889120633,771.5966253670737,5414.846948588849,0.5181950005301517
BTCB-USDT-500,-2,3.216861967250067e-05,24,2163083.416887307,3.8927579983517335e+23,271,0.5623820423994628,72.82352486366631,835.0764991281001,0.19295646839384248
BTCB-USDT-500,-1,0.0001273312718391306,24,6676034.049293043,3.734492972438153e+23,998,0.6566193077133943,461.9869574537063,3083.5835416336245,0.3838934190907888
BTCB-USDT-500,0,0.00020103963431986405,24,9748283.842983987,3.790633398045694e+23,1636,0.5336659102232487,639.9293452018396,4818.227052455395,0.48237408921322367
BTCB-USDT-500,1,0.0002486771428191037,24,11678082.569855036,3.448695472426468e+23,1921,0.6139639189510021,535.4005649898506,5145.219147570001,0.5364892982639452
BTCB-USDT-500,2,0.00024853955743459895,24,14294422.07760051,3.4865557899645955e+23,2240,0.608308866222532,1000.3111763216444,5585.379279334517,0.536340866248847
BTCB-USDT-500,3,0.0003079399009847748,24,15351028.29810774,3.8550040617260325e+23,2246,0.5927258635030201,1388.6476985894803,7662.643267726947,0.5970024475963913
BTCB-USDT-500,4,0.00018151433264733296,24,10148430.31519345,4.0493597627163797e+23,1445,0.554784338784453,348.1516598573368,4304.7218502375,0.45835142975301757
BTCB-USDT-500,5,3.581965847846465e-05,24,2823928.4068950103,3.6841859760278285e+23,413,0.39783991934462115,172.65983593561424,1072.2613659341434,0.20361222471595003
BTCB-USDT-500,6,0.0001734455731897126,24,8236286.887094957,3.973902890205942e+23,1160,0.5447645093401963,616.2557071072918,4184.028701429761,0.44804820186202843
BTCB-USDT-500,7,0.0002256181750615144,24,11247054.662731035,3.853024065101634e+23,1684,0.5379155581633455,523.6409439265644,5418.6397675187145,0.5110109069892128
BTCB-USDT-500,8,0.00013172781496672344,24,7668902.9314872185,3.895775531393784e+23,1095,0.4508818255215634,236.74209562941823,3504.2938347342897,0.3904647856133483
BTCB-USDT-500,9,0.00025864959161781605,24,21992312.012525834,3.7581020486513934e+23,2104,0.5840795999602174,3224.8710082194334,6131.653079980971,0.547140707004479
BTCB-USDT-500,10,0.0006292192086225616,24,22759318.706700914,3.17937633467629e+23,2921,0.6391390773311603,3729.869330533323,9744.17056290736,0.8533832509153081
BTCB-USDT-500,11,0.0004662713807305434,24,21641087.388794366,2.720822066142999e+23,3206,0.674247375387622,2946.7370740999495,7627.7379858447575,0.7346195953822703
BTCB-USDT-500,12,0.00013098482305653805,24,7426543.128599021,2.9536473787775663e+23,943,0.5876328250984212,515.0941629087416,2405.0510726193343,0.3893620480524337
BTCB-USDT-500,13,0.00022539924336465876,24,12516148.607149573,2.9913097570376234e+23,1710,0.601459148123049,1076.4073435604319,5039.914456460809,0.5107629135854335
BTCB-USDT-500,14,0.0006287366542627635,24,23175818.44333661,2.3849742997252997e+23,3898,0.7637349230477222,2532.037499865336,9635.388332434268,0.8530559541743277
BTCB-USDT-500,15,0.0007312549789277805,24,23876065.68551652,2.362033571535005e+23,4406,0.7068287956786895,2093.1973972803657,11033.454078317138,0.9199782221958087
BTCB-USDT-500,16,0.0005044538716052056,24,16646738.315822637,2.3179597817530945e+23,3261,0.6898231230679311,1323.092304036926,7399.595651405198,0.7641064374098743
BTCB-USDT-500,17,0.0005410663142334738,24,21861891.426423106,2.5958042015607606e+23,3752,0.6415206498677205,1616.742334013442,8785.46464377818,0.7913495814066287
BTCB-USDT-500,18,0.00044504926394044105,24,18809201.678926684,2.8960143789561743e+23,3000,0.5616239101961998,1290.5667409082182,7792.397944657126,0.7177069839049086
BTCB-USDT-500,19,0.000118204933652225,24,5477007.3424693,3.1331547743000046e+23,789,0.4596243434780745,142.38127913923006,2286.2092918027743,0.3698800694835913
BTCB-USDT-500,20,0.00030686801679414525,24,13149533.313398756,3.433991727847488e+23,2089,0.49475970630734073,712.1701681561336,5777.366838042513,0.5959625120206509
BTCB-USDT-500,21,0.0004065961481643961,24,20777174.7127069,3.338296186394914e+23,2774,0.583888793388979,1638.8310581017186,9265.198727819175,0.6860010158219825
BTCB-USDT-500,22,0.0004940191446993272,24,22459940.364913043,3.277437274895179e+23,3201,0.5656957601139138,1622.2386848755089,9940.184964001446,0.7561622957249807
BTCB-USDT-500,23,0.00036471068049403435,24,18883906.207166877,3.212328505673469e+23,2693,0.5126555282998266,2053.7541847312277,6928.736071832157,0.6497067362775236
BTCB-USDT-500,24,0.000361064952058826,24,18113473.66355907,3.196789552950441e+23,2499,0.5465719104710623,2171.9561630297612,7383.36593231301,0.6464512743185565
BTCB-USDT-500,25,0.0005731677918098927,24,22012156.87695949,2.705827520385638e+23,3574,0.6023836709887841,1691.8177893071668,9168.99233931026,0.8144867389516643
BTCB-USDT-500,26,5.2447244811251e-05,24,28059206.75909308,3.1555652192305316e+23,1387,0.6536443782573986,13766.838509422758,1126.2591001223284,0.24637944241078968
BTCB-USDT-500,27,0.00015632471401520322,24,9982922.304383814,3.371381294238668e+23,1266,0.5360501203232141,413.7762555735296,3377.7421310081636,0.42536029664513914
BTCB-USDT-500,28,0.00031978604466106507,24,19427295.27451268,4.3091342944424435e+23,2633,0.4645447763032831,929.4944713911553,8727.077942561078,0.608377133755233
BTCB-USDT-500,29,0.0002690568854335659,24,17601760.650797226,4.38910711038717e+23,2266,0.4191989106445834,873.4054811156825,7759.877664476795,0.558039812392248
ETH-USDT-500,-31,4.302996792504758e-05,1,317518.4250101333,4.344582642570155e+23,175,1.3028233409825112,43.46575827224341,175.12653471462218,1.0932871931962238
ETH-USDT-500,-30,0.000756182709268015,24,7610110.1854772605,5.750778252511576e+23,3780,0.9975303122086383,1112.3419468605962,4067.3940116329286,0.9355273748320797
ETH-USDT-500,-29,0.0007691224847641014,24,7650669.405437883,5.687890094383319e+23,3915,1.014563192853405,1117.6802694383837,4153.244229503897,0.943497780108444
ETH-USDT-500,-28,0.0011661764798498377,24,14131502.697125541,5.67349222214866e+23,5300,1.174919693304927,6039.549224000301,6789.903967868978,1.161783670104937
ETH-USDT-500,-27,0.0008586796114023065,24,10918294.980765926,6.495581508344718e+23,4383,0.9850285551622129,1829.834880914619,5610.005191180374,0.9969163168625256
ETH-USDT-500,-26,0.0008478157075098564,24,11090521.37023074,6.329265902000314e+23,4204,0.9724982709288722,2890.4823349728294,5188.204480680914,0.990589814195694
ETH-USDT-500,-25,0.0025590144421644323,24,19173738.96342894,5.216572040947989e+23,6935,1.251607809601428,4813.47314096258,10258.216206403726,1.7209945586850786
ETH-USDT-500,-24,0.0009406392161108989,24,10998157.347085388,5.917344452749106e+23,4691,1.0473826804533346,1569.571656206044,5814.663442525423,1.0434092181041204
ETH-USDT-500,-23,0.00041075467308872055,24,7130439.265327353,1.0819724120994431e+24,2748,0.7304177213679144,824.2105918129342,4121.634476114138,0.6895001822045395
ETH-USDT-500,-22,0.00041412617727631473,24,9187156.469484845,1.1733967545079919e+24,2707,0.6662077493942979,1793.1837410234766,5563.84014314761,0.6923241330337401
ETH-USDT-500,-21,0.0009135545897175206,24,18087164.111999173,9.058336228145899e+23,5262,0.9757482489680513,4297.327016442884,8564.321575352174,1.0282776129091273
ETH-USDT-500,-20,0.0019024385695986948,24,21880137.973043595,6.42690876467529e+23,7979,1.1129078662208638,4162.618849438343,11067.874548090125,1.4838788672230232
ETH-USDT-500,-19,0.0015982767353441413,24,21360602.247546744,7.174413978954344e+23,7355,1.034296834017203,3294.75707590634,11735.369488955152,1.3600946042736282
ETH-USDT-500,-18,0.0025555133580419196,24,28522349.285032272,6.512982901907225e+23,9190,1.2340517560030742,6916.140309337464,14597.008964161452,1.7198168769744924
ETH-USDT-500,-17,0.0017058987885031289,24,20204588.225853432,6.567218521542552e+23,7647,1.096728242580761,3057.8739858452595,11266.43011235846,1.405140524681017
ETH-USDT-500,-16,0.0007032599542250871,24,8734684.913112089,7.836927574947008e+23,3729,0.8885822092195778,1081.4466548238515,4881.277252661604,0.9021963646308437
ETH-USDT-500,-15,0.0008309771056710899,24,9741124.063993305,7.194285410211356e+23,4190,0.9509252850411344,1303.8681408978466,5429.343593970062,0.9807033483626368
ETH-USDT-500,-14,0.0018550997971314475,24,22350998.14265697,7.48584000338091e+23,6496,1.1121012184266428,5120.440327186607,12630.29577417746,1.4653007359173462
ETH-USDT-500,-13,0.0013192251263595381,24,14476519.180807058,5.939190041874537e+23,6565,1.0390746039835366,1794.838103560285,7657.846868106389,1.235670236465418
ETH-USDT-500,-12,0.0015337819523965424,24,13854554.5672155,5.3095975469656096e+23,5975,1.0705366965952823,2114.6646767388534,7734.645261403786,1.3323702912672415
ETH-USDT-500,-11,0.0005257881922521268,24,5525394.5194691755,5.8516794633105676e+23,2805,0.8899833701541895,530.0168626596158,2970.342809234269,0.7800968840086221
ETH-USDT-500,-10,0.0014392880458110968,24,13693548.470415426,5.852483195146986e+23,4911,1.156989578530191,3002.2798945370123,6904.553702488984,1.2906752672979735
ETH-USDT-500,-9,0.005353048532398007,24,11871053.090008385,3.7710692323223665e+23,6196,1.308361323450642,6537.70217437733,7671.051138536783,2.4891078770533035
ETH-USDT-500,-8,0.0027740895792782976,24,14247990.668906704,2.623419643891038e+23,8611,1.5596286664147498,4134.302296175401,7480.194838955688,1.791857089130827
ETH-USDT-500,-7,0.0025082967087285187,24,20444542.0385673,4.017632008180402e+23,8077,1.470533594612254,4633.495375551963,11359.007286021804,1.7038548032793193
ETH-USDT-500,-6,0.001574014008039197,24,10043465.41824499,3.538057312271537e+23,5417,1.1933981028767924,2036.6658021692706,5739.490806730673,1.3497316297203636
ETH-USDT-500,-5,0.0013805349335660297,24,15905076.95078247,6.667713847805091e+23,5445,1.0835746636090005,2319.9155862283983,7800.633634462701,1.2640574980174026
ETH-USDT-500,-4,0.0011855068863952762,24,10962938.458033467,5.1584843126032835e+23,4755,1.103054040797818,1742.0367302298362,6100.20714239349,1.1713728918864328
ETH-USDT-500,-3,0.0007270453273637329,24,6588529.847187997,5.131781378749699e+23,3390,0.8999991908639249,701.1295578782034,3416.7019653896195,0.9173263581799707
ETH-USDT-500,-2,0.00019338548270506065,24,3916312.3441857197,9.312588695108712e+23,1338,0.7526147983484542,415.96958174932877,1773.7281766167719,0.4731023041244824
ETH-USDT-500,-1,0.0005558984576943945,24,7785308.4668801585,9.404220330230264e+23,2525,0.9322913828376632,1594.239158134693,4611.696110484323,0.8021228040031312
ETH-USDT-500,0,0.0009264786844173514,24,14257401.88314218,8.387709889145258e+23,5331,0.7676594209920183,1893.4736083000146,7200.979175105815,1.0355256115373064
ETH-USDT-500,1,0.0007869393564343283,24,9489067.01588192,7.233719081577236e+23,4319,0.9212735782598479,1228.021965105302,5004.660092625343,0.9543633691197025
ETH-USDT-500,2,0.0010149864740088717,24,14581809.71436064,7.586165832368047e+23,5285,0.9163924309111778,4309.601524431651,6983.730265037433,1.0838601678427868
ETH-USDT-500,3,0.0009647252667174255,24,13051740.932891266,7.719539031453153e+23,4905,0.8602044054517696,2216.385010805259,7558.807948570036,1.056683571279423
ETH-USDT-500,4,0.0006368440627280097,24,8502418.504277099,7.600386619842567e+23,3702,0.831882560481207,853.6693632314383,4540.64266885333,0.8585383133936575
ETH-USDT-500,5,0.0002352126704205804,24,4140869.119433819,8.806050082997967e+23,1813,0.544036192635306,317.3173116458549,2080.596727809988,0.521763248093287
ETH-USDT-500,6,0.0008302072412714648,24,9958248.279975343,9.755132801933379e+23,3241,0.7893056193867901,1943.1567681358072,6097.933966690385,0.9802489534454306
ETH-USDT-500,7,0.0008099073229135983,24,12539119.913808336,9.691604898533107e+23,4239,0.8010859098354038,1759.4612522584598,7169.353337203614,0.968190443483978
ETH-USDT-500,8,0.0006345644814050426,24,9976053.81355812,9.218777082022608e+23,3628,0.7561115822332813,1255.593111102724,5223.817165377024,0.8570003682938744
ETH-USDT-500,9,0.0011986565482195902,24,16462431.717250952,6.992484353220388e+23,5346,1.0306165237765281,3206.3567707550797,7676.908808331082,1.177851420106436
ETH-USDT-500,10,0.002043255174036995,24,22380617.44012029,7.402331057136346e+23,6996,1.0863886267403189,5407.861769168893,12173.954431552578,1.5378162028194167
ETH-USDT-500,11,0.0017205341223503268,24,19889142.224192053,6.171811212662044e+23,7827,1.0344956458156225,2991.0594586698817,10389.465957706341,1.41115517853476
ETH-USDT-500,12,0.0005833390566453857,24,11583277.05537874,1.0019492371680654e+24,3395,0.8611236715055739,1193.3975665563835,6320.495226953816,0.8216817785441142
ETH-USDT-500,13,0.0007785431464764938,24,13966138.725617811,9.287967986212996e+23,4045,0.9241077728920924,2176.296679661667,7389.842103738506,0.9492584499061171
ETH-USDT-500,14,0.0014034637369025147,24,21360573.164142866,7.38918653879737e+23,6887,1.1550240417211983,2630.7279615238417,10954.075913401448,1.2745114064294016
ETH-USDT-500,15,0.0018990370564670534,24,29273448.82242156,7.831179087336437e+23,8946,0.9990614473456775,3950.4267488597357,15303.733600444397,1.482551704358444
ETH-USDT-500,16,0.0018480691290886692,24,21088912.46651587,5.406068874622584e+23,8546,1.087684722187474,3281.0483105511303,10401.226138104155,1.4625214184442503
ETH-USDT-500,17,0.002485184518459301,24,30903392.714033935,5.609715201830868e+23,11127,1.0929631822064445,3842.904817913675,15693.034789447076,1.6959867247236948
ETH-USDT-500,18,0.0023905768694332495,24,27872940.270766873,5.3956068208529506e+23,10168,1.076339913546939,4051.0472016539784,14320.398054106996,1.6633915283717342
ETH-USDT-500,19,0.0009797938857600522,24,13675148.336952183,7.356276662911401e+23,4973,0.8621237064911959,1062.404176362918,6984.023347583801,1.0649040807092305
ETH-USDT-500,20,0.0018164307685767304,24,23915029.24569017,6.060774686975084e+23,7513,1.1261004487927164,3300.1958151889908,12035.392177042122,1.4499484220459145
ETH-USDT-500,21,0.0014691306760523915,24,25783958.631007254,6.388386360372267e+23,7006,1.0867682606617863,4646.427459945147,11595.329922965824,1.3039872418518865
ETH-USDT-500,22,0.0017011866836094379,24,26174953.627644055,6.687195653542535e+23,7495,1.0348311918389634,2769.4680646151714,13550.927770973241,1.4031985137507825
ETH-USDT-500,23,0.0016686945465846416,24,30104077.183830105,8.569105290952497e+23,6717,1.0144121877464616,3728.7938220125156,15909.434385841496,1.3897335819923937
ETH-USDT-500,24,0.0020676586225418635,24,34793089.62244706,8.120903673084686e+23,8646,0.9800126186445323,3495.3691497908394,18326.43266674919,1.5469723351500988
ETH-USDT-500,25,0.001876065075295095,24,35208670.5816728,9.117246985831371e+23,7935,0.890403311089058,3536.4975386929373,18660.564303988827,1.4735574691625972
ETH-USDT-500,26,0.00057662143967524,24,12221745.674799886,8.711115140003349e+23,2811,0.8276076164253259,1001.6356165008646,5715.229179296584,0.8169369165058257
ETH-USDT-500,27,0.0009095189037067697,24,17830796.132164463,7.502073066839982e+23,4899,0.8256119194649215,1446.4318094384353,8248.97519661727,1.0260038578520452
ETH-USDT-500,28,0.0013888337352132467,24,20546179.9964844,6.941344399909336e+23,6377,0.9026493733110645,1795.9408319571587,10445.25518067843,1.2678511161777275
ETH-USDT-500,29,0.0012537369572101292,24,22274140.14585514,7.781419474524626e+23,6090,0.852722552057333,1663.8221061761894,11146.474960043273,1.2046096634243921
WBNB-USDT-500,-31,9.446190311424708e-06,1,1625613.2740413288,4.869838216132578e+24,203,0.38023849636468804,35.77906581546966,301.7945010004173,0.5122442535718219
WBNB-USDT-500,-30,0.00021912038109274645,24,49525840.571170695,6.662072051256525e+24,4989,0.31261143308281747,2437.6588821357846,8842.513034187341,0.503598602252507
WBNB-USDT-500,-29,0.00022417430359622902,24,44249299.23162974,6.899778132631094e+24,4399,0.31628403858696746,984.7068317184263,9394.098169900113,0.5093731437096704
WBNB-USDT-500,-28,0.00023475809450674686,24,57039803.48509322,8.179975872596355e+24,7946,0.29585631044533217,1667.473827355698,12935.279195531617,0.5212588200989572
WBNB-USDT-500,-27,0.000188757602928232,24,54825182.191076994,9.735215477694857e+24,7014,0.2555129041080329,1306.5019586471706,10531.690406677035,0.46740715423878765
WBNB-USDT-500,-26,0.00016822379148684588,24,50621181.911143646,1.1752998917249472e+25,6623,0.21895909836179583,1310.5265732375203,11924.85393195847,0.4412521528208498
WBNB-USDT-500,-25,0.0006402780601379023,24,71261663.06048317,9.272505260928155e+24,9149,0.3334082771705265,5511.182632651363,23534.449555510266,0.8608499111947759
WBNB-USDT-500,-24,0.00021394042250095057,24,36084269.63165997,6.497382534902331e+24,5265,0.28597179169914344,1201.322396189858,9252.840681270225,0.49761052013243307
WBNB-USDT-500,-23,9.696737559694113e-05,24,17403300.534227796,6.251478333617038e+24,2283,0.24297699006017626,333.28585999120315,3530.9413757049,0.3350085951028062
WBNB-USDT-500,-22,8.805988230861734e-05,24,32086731.628894836,7.383326258374511e+24,2588,0.2922096497252505,1221.5484680414945,3986.5669659832593,0.3192509359100114
WBNB-USDT-500,-21,0.00015911382337553809,24,22352121.803166598,6.20914348577128e+24,4533,0.3165525164427748,1011.6340846461186,6215.212799391493,0.4291381103977619
WBNB-USDT-500,-20,0.00028062787523229987,24,43040872.44988825,7.095366278835719e+24,6365,0.36254391073461584,2022.5695503966565,12522.765627681141,0.5699129595989774
WBNB-USDT-500,-19,0.0002442874276286012,24,22315933.379363317,6.101274798386551e+24,4379,0.3558222867868976,2010.3991551268311,8879.425839390771,0.5317330893162884
WBNB-USDT-500,-18,0.0004443837839736942,24,36693653.12314541,5.76715426132437e+24,7501,0.38953970275101374,3393.0547941481896,14816.046528434037,0.7171701913094874
WBNB-USDT-500,-17,0.00025909211494059095,24,23695766.281026695,5.433963287411471e+24,4918,0.35762046170950623,1376.592371222549,8441.420660682374,0.5476085582175386
WBNB-USDT-500,-16,0.00011947132721723887,24,15061387.24033485,5.666800566921752e+24,2625,0.2877694425367254,707.1374092137929,3935.9329771213893,0.37185615376651554
WBNB-USDT-500,-15,0.00013972898405848266,24,38721694.61876639,6.952662224214669e+24,4425,0.21651353515500157,668.0184939694315,5593.274670837545,0.4021484317746364
WBNB-USDT-500,-14,0.00017072995528508156,24,34437170.5459013,7.416543734463816e+24,4070,0.24454200383977256,1063.9617001164893,7827.92929086579,0.4445268438613003
WBNB-USDT-500,-13,0.00021845498812724185,24,33877662.595804885,7.423595776370621e+24,5481,0.2672962597555614,1408.0613027806248,10326.532181315506,0.5028333933258281
WBNB-USDT-500,-12,0.000275311387516814,24,38653269.39367186,8.173268806052723e+24,6534,0.27149432664465906,1666.1786824002343,13516.180203589956,0.5644886529024049
WBNB-USDT-500,-11,8.934107825938841e-05,24,16293413.913055863,6.404153989210921e+24,1519,0.24467296902118862,164.35796356896645,3520.540233787553,0.3215649635193192
WBNB-USDT-500,-10,0.00015157600709184285,24,24632535.787164077,6.614683385998568e+24,2798,0.357607427058382,1145.4779839267098,6860.074260721939,0.41884984587956653
WBNB-USDT-500,-9,0.00032543709835320176,24,27357438.35197389,6.155615918006445e+24,3954,0.30468779956993997,2229.992361989312,8850.030806877556,0.6137290186060691
WBNB-USDT-500,-8,0.00048731644515925094,24,34869324.828167126,4.19823909720885e+24,5760,0.4078922399451552,5242.945714740438,12756.73921632363,0.7510150886491981
WBNB-USDT-500,-7,0.00041973267861064784,24,30221272.503390275,4.583450783055028e+24,4399,0.3941465084218492,1966.327806336039,11471.508918733012,0.6969947713971149
WBNB-USDT-500,-6,0.0001635801757350292,24,16093466.022768334,5.733269691828205e+24,2151,0.30034098312389956,551.6601156348404,5685.118506546685,0.4351194170578099
WBNB-USDT-500,-5,0.00027390012273681506,24,22282084.678192116,5.87152174400378e+24,3542,0.4402713963266995,2885.5318432300687,10003.810638358427,0.5630399905383168
WBNB-USDT-500,-4,0.00015883486422488415,24,13377609.005112767,6.058994562744854e+24,2942,0.25392587382525567,815.6196298468732,5759.062905805393,0.4287617618310088
WBNB-USDT-500,-3,0.00010665998691797858,24,10407907.834398247,6.921333681277709e+24,2330,0.2889164939861219,469.1628339670267,4097.101294156443,0.351353182613799
WBNB-USDT-500,-2,3.405058478345183e-05,24,4489441.290228386,7.129898202376588e+24,793,0.16799406246333082,144.3329811131936,1417.1814895334267,0.198520525525501
WBNB-USDT-500,-1,8.21613756403271e-05,24,10633317.937284272,6.077943649647278e+24,1230,0.3766179050708902,434.532863257456,2996.4330255970267,0.30837345016861795
WBNB-USDT-500,0,0.0001291216110507487,24,14323219.79132966,6.313596514080541e+24,2461,0.2577522442512222,1264.2679312182067,4554.088866825671,0.3865828618634234
WBNB-USDT-500,1,0.00011707855201186525,24,9711275.36976195,5.822497444808291e+24,2384,0.23517337763327895,459.4157189324501,3750.762788598288,0.3681135468127548
WBNB-USDT-500,2,0.00011339597011754564,24,12379928.03620907,5.48338948968081e+24,1885,0.2921118886600436,948.3797031826498,3661.7083022282554,0.3622779813681703
WBNB-USDT-500,3,0.00014039866779812628,24,15485501.572761027,5.579620340023785e+24,2417,0.21808530864298023,579.2549556423237,4601.174373184531,0.4031109749184251
WBNB-USDT-500,4,0.00010874822467010427,24,12172452.127217833,6.365661993090831e+24,2058,0.26091733825103736,627.3692352809578,3980.1433000476054,0.3547759867516172
WBNB-USDT-500,5,4.6605921392915434e-05,24,5657741.878666479,7.615245250980382e+24,1124,0.14913598853443885,129.89628674131438,1897.0690754881648,0.23225425431885566
WBNB-USDT-500,6,0.00011124947729612011,24,10031784.674932715,7.141317553584786e+24,2121,0.23913879786032285,572.6824678507542,4261.411401082837,0.35883278709272315
WBNB-USDT-500,7,0.0001004162517604053,24,12724994.329571191,8.056110409622427e+24,2108,0.21660661820667634,562.4944806681812,4500.959566783719,0.34091423204609717
WBNB-USDT-500,8,7.576123877781728e-05,24,11384090.897043476,8.355266402920503e+24,2109,0.19382929194310658,453.941271931315,3784.1917943938483,0.2961192647495381
WBNB-USDT-500,9,0.00011671987163724359,24,18291309.43591059,7.602326779190193e+24,2879,0.25580607498182845,5018.066801753662,4780.961105192973,0.36754924027208585
WBNB-USDT-500,10,0.00028651130382301,24,20067419.073085353,6.533872452896568e+24,3748,0.37141903202584614,2149.98413294664,7947.699307681608,0.5758561498766042
WBNB-USDT-500,11,0.0003913108257204729,24,17413003.696243342,3.0478191402833856e+24,5233,0.36445168661325517,1014.8014578566979,6923.725692902492,0.672982947991689
WBNB-USDT-500,12,0.0001979181758151734,24,10942899.94383124,3.5117960074812924e+24,3537,0.34776961857169303,906.2422548932524,4157.940012912318,0.4786146286408756
WBNB-USDT-500,13,0.00013138847976902686,24,10805819.976110348,4.6305797038587767e+24,2505,0.24943327982292818,574.2709629243085,4359.3342125160225,0.38996153622206126
WBNB-USDT-500,14,0.00038609185356803746,24,23838991.314091768,3.72733899230802e+24,6191,0.4033873863947084,3542.8837602110207,9436.359917321995,0.6684800455206592
WBNB-USDT-500,15,0.00038253721996873947,24,21287906.728007037,3.76399271915955e+24,5393,0.29910660139647155,1401.8932149546463,8767.770157920388,0.6653956807801324
WBNB-USDT-500,16,0.0006211551290706039,24,26267380.26658108,3.0094082150080133e+24,6075,0.4028187150481646,3252.922992556665,9698.662293996535,0.8478971326378106
WBNB-USDT-500,17,0.0009400749065378046,24,32188637.444512755,2.657243289377936e+24,8234,0.42633757674548334,3278.654675972079,13681.20199002611,1.0430961894018602
WBNB-USDT-500,18,0.0014062095626883337,24,42324485.865560204,2.3428572723469923e+24,11695,0.5617104025051811,4401.381919239945,18216.523560598976,1.2757575648306414
WBNB-USDT-500,19,0.0004346488451647268,24,19063268.537069686,2.909480657961252e+24,4612,0.35867514654911353,884.3617271101286,7250.858613391242,0.7092713112869645
WBNB-USDT-500,20,0.0008577139843030346,24,31164817.762485232,3.222095183745968e+24,6899,0.40127344908454954,2422.254268377235,14650.802321703177,0.9963556186770128
WBNB-USDT-500,21,0.0008419331567060916,24,40486323.25492028,3.542998150362924e+24,9391,0.46744062375032797,2844.0745930464827,17308.078919420073,0.9871472393283243
WBNB-USDT-500,22,0.0011820543037379559,24,42756655.68004934,3.13488677813308e+24,10736,0.6100113550800591,4724.02938209948,19637.204958661,1.1696659382507961
WBNB-USDT-500,23,0.0017187483068395828,24,44799355.031351075,2.3420302922830134e+24,11813,0.6916207983265198,6444.571502562355,23909.205796153896,1.4104226394258823
WBNB-USDT-500,24,0.0014660130338127898,24,44050843.24729796,2.6111166606731614e+24,9368,0.6291708604177826,3995.0736824596756,19714.821049575377,1.3026029113627564
WBNB-USDT-500,25,0.000885400807129635,24,28913371.943068016,2.7991789023546937e+24,6672,0.5782740173861213,2854.9663144380083,13260.361262697117,1.012308970965059
WBNB-USDT-500,26,0.00022420990877563372,24,12671904.746891273,3.882655278199101e+24,2470,0.4102304434096313,588.2820561416928,4878.502023162519,0.5094135934886873
WBNB-USDT-500,27,0.0008091904623677722,24,23375705.30983814,2.1947127091547775e+24,6095,0.5692675515918114,3226.690798915173,10556.05650503191,0.9677618690297135
WBNB-USDT-500,28,0.0014805487611180546,24,43795048.075764835,2.428917425443653e+24,11233,0.6227310446823368,4494.626122734281,21745.65314842182,1.3090447292380412
WBNB-USDT-500,29,0.0010084356821703812,24,24398666.045242097,1.7087865797612488e+24,7936,0.5952979278498932,1697.884782503827,10588.304681601183,1.0803568523584886
